,0,1,2,3,4,5,6,7,8,9,10,11,12,13,14,15,16,17,18,19,20,21,22,23,24,25,26,27,28,29,30,31,32,33,34,35,36,37,38,39,40,41,42,43,44,45,46,47,48,49,50,51,52,53,54,55,56,57,58,59,60,61,62,63,64,65,66,67,68,69,70,71,72,73,74,75,76,77,78,79,80,81,82,83,84,85,86,87,88,89,90,91,92,93,94,95,96,97,98,99,100,101,102,103,104,105,106,107,108,109,110,111,112,113,114,115,116,117,118,119,120,121,122,123,124,125,126,127,128,129,130,131,132,133,134,135,136,137,138,139,140,141,142
0,0,0,0,0,0,0,0,0,0,0,0,0,0,0,0,0,0,0,0,0,0,0,0,0,0,0,0,0,0,0,0,0,0,0,0,0,0,0,0,0,0,0,0,0,0,0,0,0,0,0,0,0,0,0,0,0,0,0,0,0,0,0,0,0,0,0,0,0,0,0,0,0,0,0,0,0,0,0,0,0,0,0,0,0,0,0,0,0,0,0,0,0,0,0,0,0,0,0,0,0,0,0,0,0,0,0,0,0,0,0,0,0,0,0,0,0,0,0,0,0,0,0,0,0,0,0,0,0,0,0,0,0,0,0,0,0,0,0,0,0,0,0,0
1,0,1,0,0,5,5,0,0,1,0,0,0,1,1,0,5,0,5,1,5,5,0,0,0,5,0,0,0,0,0,0,5,0,0,0,5,0,0,0,0,0,5,0,0,1,0,0,0,1,0,5,5,0,0,0,0,0,0,0,0,0,0,5,5,0,5,0,1,0,0,0,0,0,1,0,0,0,0,0,0,0,0,5,0,5,0,0,0,0,0,0,0,0,5,5,0,0,0,5,0,0,0,1,5,0,0,0,0,5,5,0,0,0,0,1,0,0,0,0,1,0,0,0,0,0,0,5,0,0,5,0,5,0,5,0,0,0,0,0,0,0,0,0
2,0,1,0,0,0,4,5,0,1,8,0,0,1,2,0,0,5,0,6,0,4,1,0,0,0,5,0,0,0,0,0,0,1,0,2,0,6,2,2,0,0,0,5,0,1,1,0,0,1,1,0,4,5,0,0,0,0,7,0,0,0,0,0,4,5,0,5,1,0,0,0,0,0,1,8,0,0,2,7,0,2,7,0,5,0,1,0,0,0,0,0,0,0,0,4,12,1,0,0,4,0,0,1,0,5,0,0,0,0,4,1,0,0,0,1,1,0,0,0,1,0,0,0,2,0,0,0,1,0,0,2,0,5,0,1,0,0,0,0,0,0,2,0
3,0,0,0,1,0,0,6,11,0,1,5,0,0,1,0,0,6,4,0,5,0,1,0,0,0,0,4,1,0,0,0,0,0,0,0,1,0,5,1,0,0,0,6,1,0,0,0,0,0,0,0,0,10,3,0,0,6,0,6,0,1,0,0,0,6,4,2,5,0,6,0,0,0,0,1,5,0,0,2,4,0,2,6,0,4,0,2,0,2,0,6,0,0,0,0,4,12,7,0,3,2,0,0,0,0,7,0,1,0,0,0,7,0,0,0,0,0,0,6,0,0,0,0,0,3,0,0,0,0,0,0,1,0,4,0,0,0,1,0,1,0,0,0
4,0,2,0,0,1,0,0,5,13,0,1,10,2,2,0,0,0,6,6,0,5,0,0,5,0,0,0,3,0,0,0,0,0,0,0,0,0,0,4,1,0,0,0,4,3,0,0,0,2,0,0,0,0,8,8,0,0,6,5,5,0,0,0,0,0,6,3,4,3,0,4,0,0,2,0,0,5,0,0,1,3,0,2,4,0,3,0,0,0,1,0,11,0,0,0,0,2,11,7,0,1,1,2,0,0,0,6,0,1,0,0,0,7,0,2,0,0,0,0,8,0,0,0,0,0,1,0,0,5,0,0,0,0,0,3,0,0,0,0,0,0,0,0
5,0,0,0,0,0,0,1,3,4,12,0,0,9,1,0,0,3,0,5,4,0,2,0,0,3,0,0,0,0,0,0,0,0,0,0,0,0,0,0,1,0,0,3,0,3,0,0,0,0,0,0,0,3,0,7,5,3,0,5,2,5,0,0,0,1,0,7,2,1,6,0,1,0,0,1,0,0,3,0,0,0,2,0,0,2,0,3,0,1,0,4,1,8,0,0,0,0,5,9,14,0,0,0,0,0,1,0,6,0,0,0,3,0,4,0,0,0,0,3,0,7,0,0,0,0,0,0,0,0,3,0,0,0,0,0,1,0,0,0,0,0,0,0
6,0,0,0,6,0,0,2,2,2,4,9,0,0,8,0,0,1,2,0,4,3,0,0,0,0,0,0,6,0,0,0,0,0,0,2,0,0,2,2,0,0,0,1,0,0,0,0,0,0,0,0,0,1,0,0,4,6,3,0,4,8,3,0,0,2,0,2,6,0,2,3,0,0,0,0,0,0,2,3,0,2,0,1,0,0,0,6,0,2,0,1,3,0,7,0,0,0,1,4,9,11,0,0,0,0,2,0,6,5,0,0,1,0,0,3,0,0,0,1,2,0,4,0,2,6,0,0,0,0,0,0,0,0,0,0,0,0,6,0,6,0,2,0
7,0,0,5,0,4,0,0,0,0,0,5,8,0,0,6,0,0,0,0,0,2,1,0,0,0,0,0,0,7,1,3,0,5,1,0,0,0,0,0,3,1,0,0,2,0,0,5,1,0,0,0,0,0,0,0,1,1,2,2,0,1,11,1,0,0,0,0,0,7,0,0,8,1,0,0,0,1,0,0,8,0,0,0,0,0,5,0,2,0,0,0,0,4,0,5,0,0,0,0,1,5,13,0,0,0,0,7,0,4,3,1,0,2,5,0,0,1,3,0,0,1,0,0,0,0,2,0,0,0,0,1,0,0,0,5,3,0,0,8,0,2,0,5
8,0,0,0,2,0,3,0,0,0,0,0,4,7,0,0,5,0,0,0,0,0,0,0,0,0,0,0,0,0,5,0,2,0,3,0,0,0,0,0,0,1,0,0,0,1,0,0,3,0,0,0,0,0,0,0,0,0,0,1,0,0,1,10,0,0,0,0,0,0,4,0,0,7,0,0,0,0,0,0,0,4,0,0,0,0,0,2,0,0,13,0,0,0,3,0,3,0,0,0,0,0,3,12,0,0,0,0,4,0,3,1,0,0,0,4,0,0,0,0,0,0,0,0,0,0,0,1,0,0,0,0,0,0,0,0,3,0,0,0,5,0,0,0
9,0,0,3,0,1,0,3,0,0,0,1,0,2,5,0,0,3,0,0,0,0,0,0,0,0,0,0,0,0,0,12,0,5,0,0,0,0,0,0,1,0,0,0,0,0,0,3,0,1,0,0,0,0,0,0,1,0,0,0,0,0,7,0,9,0,0,0,0,0,0,1,3,1,5,0,0,1,0,0,3,0,2,0,0,0,3,0,0,0,3,11,0,0,0,2,0,2,0,0,0,0,2,2,11,0,0,3,0,3,0,3,0,1,3,0,1,0,7,0,0,0,0,0,0,0,0,0,0,0,0,1,0,0,0,3,7,0,0,2,0,2,0,7
10,0,0,0,4,0,0,2,9,0,0,0,0,0,2,2,0,6,2,0,0,0,0,0,0,0,0,0,1,0,0,2,11,0,1,0,0,0,0,0,0,0,0,6,0,0,0,0,0,0,0,0,0,6,0,0,0,7,0,0,0,1,0,6,0,11,0,2,0,0,6,0,0,0,1,5,0,0,0,0,0,2,0,1,0,0,0,4,0,2,0,9,10,0,0,0,2,0,8,0,3,0,0,2,1,9,2,0,4,0,2,0,9,0,0,3,0,0,0,13,0,0,0,0,0,1,0,0,0,0,0,0,0,0,0,0,1,5,1,0,3,0,1,0
11,0,5,0,0,5,1,0,2,14,1,0,2,5,5,0,3,0,7,7,1,1,0,0,2,1,0,0,0,0,0,0,3,8,0,1,1,0,0,0,0,0,1,0,3,5,0,0,0,5,0,1,1,0,6,2,0,0,8,2,0,0,0,1,7,1,12,0,7,0,0,6,0,0,5,2,1,0,0,1,0,0,3,1,1,1,0,0,4,0,1,0,11,7,1,1,1,1,0,9,0,3,0,5,3,1,9,0,0,5,1,0,0,7,0,5,3,0,0,3,18,0,0,0,0,0,1,1,0,2,1,0,1,0,1,0,0,1,4,0,0,2,0,0
12,0,0,10,0,0,3,0,0,4,10,2,0,0,2,3,0,0,0,4,5,0,0,0,0,0,0,0,0,1,1,3,0,8,9,0,0,0,0,0,1,1,0,0,1,0,1,5,1,0,1,0,0,0,0,5,3,0,0,7,0,0,3,0,0,5,2,10,0,8,0,0,11,1,0,1,0,2,0,0,6,0,0,1,0,0,6,0,0,2,0,0,1,12,5,0,0,0,0,0,6,0,5,0,3,0,0,14,0,0,3,2,0,1,12,0,1,4,3,0,8,17,0,0,0,0,0,0,0,0,0,2,0,0,0,6,3,0,0,6,0,0,0,3
13,0,0,0,16,0,0,5,1,0,4,7,1,0,0,0,2,1,0,0,3,4,0,0,0,0,0,0,6,0,0,0,2,0,8,11,0,0,2,2,0,0,0,1,0,0,0,0,2,0,0,0,0,1,0,0,2,4,0,0,6,6,0,2,0,2,4,4,9,0,9,0,1,8,0,0,0,0,4,0,0,8,0,0,0,0,0,12,0,2,0,1,0,2,11,4,0,0,1,0,0,3,0,4,0,0,2,4,20,0,0,0,3,0,2,11,0,0,2,4,0,7,14,0,2,6,0,0,0,0,0,0,1,0,0,0,4,0,6,0,12,0,2,0
14,0,0,0,6,14,0,1,5,0,1,0,5,0,0,0,0,2,0,0,0,1,1,0,0,0,0,0,0,5,0,0,0,0,0,7,9,10,0,1,0,0,0,0,0,0,0,0,0,1,0,0,0,0,0,0,0,2,5,0,0,6,5,0,0,1,0,5,3,8,0,7,0,0,7,1,0,0,0,5,0,0,9,0,0,0,0,2,10,1,0,0,0,0,1,9,5,10,0,0,0,0,0,0,2,0,1,0,10,18,0,0,0,0,0,1,9,0,0,2,3,2,5,12,0,2,4,0,0,0,0,0,0,0,0,0,0,2,0,2,2,10,0,1
15,0,1,0,0,11,19,0,0,6,0,1,0,6,1,0,5,0,7,1,5,5,0,1,0,5,0,0,0,0,2,0,5,0,0,0,12,7,8,0,1,0,5,0,0,1,0,0,0,1,1,5,5,0,0,0,0,0,1,5,0,0,5,10,5,0,6,0,6,0,7,0,5,0,1,6,0,0,0,0,3,0,0,14,0,5,0,0,2,9,0,0,0,0,5,6,8,3,9,5,0,0,0,1,5,2,0,0,0,17,23,0,0,0,0,1,1,6,0,0,3,1,2,5,10,0,2,9,0,0,5,0,5,0,5,0,0,0,1,0,1,1,8,0
16,0,0,0,1,1,18,21,6,0,6,0,0,0,6,0,0,11,0,7,0,4,2,0,0,0,3,0,1,0,0,0,0,2,0,0,2,12,6,7,0,0,0,11,0,0,0,0,0,0,0,0,4,11,0,0,0,6,0,0,4,1,0,4,9,7,0,8,0,2,6,5,0,2,0,1,3,0,0,0,0,2,0,4,12,0,2,1,0,4,6,6,0,0,0,4,6,8,9,8,8,0,0,0,0,3,4,0,1,7,22,19,6,0,0,0,0,0,4,6,0,1,0,0,4,11,0,1,6,0,0,2,0,3,0,2,0,0,1,0,1,0,0,6
17,0,0,1,0,1,8,20,18,4,0,11,0,0,0,3,0,1,11,0,7,0,1,0,0,0,0,0,0,0,0,1,0,1,1,0,0,2,8,2,12,0,0,1,10,0,0,1,0,0,0,0,0,1,7,0,5,0,3,0,0,1,2,0,4,6,7,0,6,0,0,2,6,5,0,0,0,8,0,0,1,0,0,0,2,12,1,0,0,0,3,3,6,0,0,0,1,2,5,9,5,4,4,0,0,0,0,5,0,1,12,21,16,11,1,0,0,0,1,1,4,0,0,0,0,1,7,0,0,6,0,5,2,0,3,1,3,0,0,5,0,0,0,1
18,0,0,0,3,0,0,10,19,18,6,1,10,0,0,0,1,0,1,11,0,5,0,0,0,0,0,0,2,0,0,0,0,0,0,9,0,0,10,16,2,7,0,0,0,10,0,0,0,0,0,0,0,0,0,6,0,4,2,2,0,2,0,0,0,4,4,7,0,1,0,0,0,2,5,2,0,0,16,2,0,9,2,0,0,2,8,3,0,0,0,2,2,1,0,0,2,0,1,3,7,4,0,4,0,0,0,0,7,0,2,20,20,12,7,1,0,0,0,0,1,1,0,0,8,2,0,5,0,0,4,0,3,1,0,0,0,2,2,0,7,0,8,0
19,0,2,0,0,3,0,0,18,21,18,6,6,12,2,0,0,0,0,3,11,0,2,0,5,0,0,0,0,0,0,0,0,0,0,0,9,0,0,15,16,0,7,0,0,2,8,0,0,2,0,0,0,0,0,5,6,0,4,7,1,0,1,0,0,0,4,3,9,0,0,0,0,0,4,5,0,0,6,16,1,0,9,2,0,0,1,7,1,0,0,0,7,0,1,0,0,0,0,1,2,5,3,2,4,0,0,0,0,7,0,10,19,20,11,9,0,0,0,0,2,0,0,0,0,7,0,0,2,5,0,4,0,1,1,0,0,0,1,1,0,6,0,7
20,0,5,0,0,1,4,0,8,23,22,16,8,11,17,0,1,0,1,5,4,12,0,2,2,6,0,0,0,0,0,0,1,0,0,0,1,8,0,5,15,13,1,7,0,5,2,5,0,5,2,1,1,0,0,2,3,6,1,6,6,0,0,2,1,0,1,4,8,6,0,0,0,0,5,5,1,0,0,7,13,1,1,10,2,1,0,0,7,1,0,0,2,4,1,2,1,0,0,1,0,2,2,8,3,4,0,0,0,1,8,0,18,19,17,16,9,0,0,0,5,0,0,0,0,0,7,1,0,4,6,0,5,0,2,0,0,0,0,0,0,0,6,0
21,0,1,1,0,0,0,4,0,13,30,19,16,9,12,13,0,1,0,2,4,3,8,0,2,1,6,0,0,0,0,0,0,0,0,2,0,2,10,2,5,12,12,1,3,1,5,0,1,1,5,1,0,1,0,0,0,3,13,1,4,6,0,0,1,1,0,1,5,4,6,0,0,0,1,12,1,0,2,7,3,15,8,0,10,1,0,0,0,7,0,0,0,0,3,0,9,2,0,0,0,0,0,3,7,3,4,0,0,0,0,4,8,18,16,18,16,5,0,0,1,3,0,0,2,0,0,6,0,0,3,3,0,5,0,0,0,0,0,0,0,0,2,4
22,0,0,0,7,0,0,2,5,3,29,27,18,15,8,9,12,1,0,0,1,3,0,5,0,1,0,5,6,0,0,0,0,0,0,2,1,0,4,12,0,2,11,13,0,2,0,2,0,0,0,4,0,1,0,0,0,1,3,12,0,10,4,0,0,3,0,2,0,2,5,3,0,0,0,2,9,0,2,2,4,5,15,7,0,9,0,6,0,2,4,1,0,0,0,2,0,9,3,0,0,0,0,0,2,4,5,1,6,0,0,0,5,8,15,15,15,13,3,1,0,0,0,0,2,8,0,0,3,0,0,0,2,0,4,0,0,0,6,0,6,0,2,0
23,0,1,0,0,12,5,0,1,6,19,29,27,19,16,5,14,11,6,1,5,6,0,0,5,5,1,0,4,3,0,0,5,0,0,0,7,0,0,2,12,0,7,10,10,1,2,0,0,1,0,5,9,0,1,0,0,0,0,3,11,0,9,9,5,0,8,0,3,0,1,5,1,0,1,0,0,9,0,1,0,2,5,20,7,5,7,0,6,0,1,3,1,0,5,5,1,0,8,8,0,0,0,1,5,2,3,3,0,11,5,0,0,5,6,16,15,12,12,2,2,0,0,0,0,1,8,5,0,3,5,0,5,2,5,2,0,0,0,5,0,5,0,1
24,0,0,0,0,2,10,6,3,0,9,28,28,26,18,13,4,17,9,5,0,3,3,0,0,3,2,0,0,1,0,0,0,2,0,0,0,7,0,0,2,9,0,10,7,9,0,0,0,0,0,0,3,12,0,0,0,3,0,0,1,11,0,8,7,6,0,9,0,0,3,0,2,0,0,0,0,0,7,0,0,0,1,10,17,5,2,7,0,7,0,4,2,0,0,3,4,1,3,6,15,0,0,0,0,2,3,0,3,1,9,2,3,0,2,6,14,12,10,15,1,1,0,0,0,0,0,6,2,0,1,2,0,2,0,2,0,0,0,0,5,0,3,0
25,0,0,0,2,0,1,17,8,3,0,18,27,28,26,17,12,7,16,9,4,0,2,1,0,0,1,1,2,0,0,0,0,0,0,0,0,1,7,0,0,0,8,2,6,7,7,0,0,0,0,0,0,5,10,0,0,2,3,0,0,3,11,0,7,14,5,7,9,0,2,1,0,0,0,0,0,0,0,7,0,0,0,0,8,16,3,4,5,7,4,2,3,0,0,0,3,5,3,2,7,13,0,0,0,0,9,1,2,2,0,5,4,0,0,2,4,10,12,12,15,0,0,0,0,2,0,0,5,1,0,0,1,0,1,0,2,0,2,0,2,4,0,3
26,0,0,0,2,0,0,7,16,8,5,8,26,27,28,21,15,11,6,16,7,2,0,1,0,0,0,0,3,0,0,0,0,0,0,8,0,0,9,15,0,0,0,7,0,6,6,3,0,0,0,0,0,0,4,9,0,0,4,2,0,2,1,9,0,7,12,5,7,4,0,1,0,0,0,2,0,0,8,2,3,8,2,0,0,6,12,5,3,5,3,3,1,0,0,0,2,2,4,1,0,6,9,0,0,0,0,5,3,0,0,0,4,0,0,0,1,0,11,11,12,12,0,0,8,2,1,0,0,4,0,0,0,0,0,0,0,1,2,0,2,1,12,0
27,0,0,0,0,2,0,0,6,16,8,1,16,26,27,25,21,13,11,6,16,7,0,8,0,0,8,0,0,0,0,0,0,0,0,0,8,0,0,8,11,0,0,0,3,0,14,2,0,0,8,0,0,0,8,2,5,0,0,2,0,0,0,1,9,0,7,10,5,3,2,8,0,0,0,0,0,0,0,8,0,2,8,2,8,0,2,9,13,1,2,1,1,0,0,0,0,0,0,4,0,8,2,9,0,8,0,0,2,3,0,0,0,0,0,0,8,0,1,10,11,9,20,8,0,5,10,1,0,0,4,0,0,8,0,0,0,8,0,0,0,0,2,9
28,0,0,2,0,0,1,0,0,6,13,12,6,25,26,24,24,18,12,8,6,15,4,0,7,0,0,5,0,0,0,2,0,2,0,0,0,4,0,0,12,11,0,0,0,0,4,16,2,0,0,7,0,0,0,7,6,2,0,0,0,0,2,0,0,6,0,4,7,5,0,0,10,4,0,0,0,4,0,0,10,0,0,7,0,7,2,0,12,10,0,0,0,1,0,0,0,0,0,0,0,0,13,0,8,0,5,2,0,1,2,0,0,4,2,0,0,8,2,0,10,10,10,16,4,0,1,9,0,0,0,8,0,0,7,2,2,0,4,5,0,0,0,4
29,0,0,0,4,0,0,1,0,0,8,9,11,15,25,21,22,23,16,12,6,5,10,3,0,5,0,0,7,0,0,0,0,0,0,8,0,0,12,8,2,10,9,0,0,0,0,6,11,2,0,0,5,0,0,0,3,5,4,0,0,2,0,0,0,0,4,0,4,2,4,0,0,6,4,2,0,0,12,2,0,18,2,0,6,0,3,4,2,12,6,0,0,0,0,0,2,0,0,0,0,0,3,13,0,7,0,1,4,0,0,0,0,0,0,2,0,0,4,1,0,7,9,9,24,6,0,0,4,0,0,0,6,0,0,3,0,1,2,0,7,0,8,0
30,0,0,5,0,2,0,0,0,0,0,9,8,8,15,23,19,19,21,13,10,4,3,6,2,0,1,0,0,8,1,3,0,5,1,0,6,0,2,8,9,3,8,6,1,0,0,5,7,8,0,0,0,2,0,0,1,0,1,3,0,0,5,0,0,0,0,2,0,5,0,0,5,1,3,0,0,1,2,8,7,8,14,0,0,4,5,0,0,2,10,3,0,1,0,0,0,0,0,0,0,0,2,3,11,0,5,5,0,2,0,1,0,1,5,0,0,1,3,1,0,0,3,5,14,21,2,0,0,3,0,1,0,2,0,5,6,0,0,4,0,3,0,11
31,0,0,0,3,0,0,0,0,0,0,0,7,6,6,17,21,17,17,19,11,8,6,0,4,0,0,0,0,4,12,1,1,0,9,0,0,8,0,0,7,13,1,6,10,0,0,0,9,5,5,0,0,0,0,0,0,0,0,0,0,0,0,3,0,0,0,0,0,4,3,0,0,4,0,1,2,0,0,0,7,4,6,12,0,0,3,3,0,0,0,8,1,4,0,0,0,2,0,0,0,0,0,0,1,8,0,4,3,0,0,4,0,0,0,3,0,4,1,1,0,8,0,0,4,20,18,0,2,0,1,0,0,0,0,0,5,3,0,0,2,0,0,1
32,0,0,0,1,2,0,2,6,0,0,0,0,7,6,7,20,27,16,17,18,10,5,4,0,3,0,0,1,0,2,10,0,0,0,8,0,0,7,0,0,3,12,7,2,10,0,0,0,9,3,4,0,6,0,0,0,6,0,0,0,1,0,0,2,2,0,2,0,0,10,1,0,0,4,0,0,0,0,0,0,6,4,5,10,0,0,4,1,2,0,6,7,0,3,0,0,0,8,0,3,0,0,0,0,0,10,0,5,2,0,0,10,0,0,0,1,0,2,7,1,0,6,0,0,10,18,17,0,1,0,0,0,0,0,0,0,3,4,0,1,1,0,0
33,0,0,0,0,0,0,1,2,5,1,0,0,0,6,3,10,26,25,15,15,16,7,3,2,0,1,0,0,0,0,1,8,0,0,0,6,10,0,6,0,0,2,12,6,1,8,0,0,0,7,1,2,0,4,0,0,0,7,0,0,0,0,0,0,3,0,1,1,0,0,8,0,0,0,5,0,0,0,1,0,0,7,2,3,8,0,0,2,2,0,0,4,6,0,1,1,10,0,6,0,1,0,0,0,0,1,7,0,3,0,0,0,6,0,0,0,0,0,2,6,3,0,4,0,0,8,16,14,0,0,0,0,0,0,0,0,0,3,0,0,0,0,0
34,0,0,3,0,0,0,0,0,0,3,2,0,0,0,5,2,16,25,23,14,14,15,4,2,1,0,0,0,0,0,7,0,11,0,0,0,5,6,0,7,0,0,2,12,4,0,11,0,0,0,6,0,0,0,3,1,0,0,6,0,0,7,0,0,0,2,0,0,1,0,0,11,1,0,0,4,1,0,0,4,0,0,6,0,2,11,0,0,2,0,0,0,4,5,0,0,0,8,0,4,0,3,0,0,0,0,4,5,0,2,0,0,1,9,0,0,0,7,0,0,6,0,0,0,0,0,15,15,13,0,1,0,0,0,3,7,0,0,5,0,0,0,7
35,0,0,1,0,0,0,0,0,0,0,2,0,0,0,1,2,6,24,22,20,11,15,11,2,0,0,0,0,8,8,0,4,1,19,0,0,0,0,1,0,15,0,0,10,9,0,1,19,0,0,0,3,0,0,0,2,0,0,0,2,0,0,4,0,0,0,0,0,8,0,0,1,10,0,0,1,3,0,0,1,0,0,0,2,0,3,8,0,0,0,0,0,8,1,2,0,0,0,5,0,0,0,0,0,0,0,1,1,2,0,10,0,0,2,6,0,8,0,3,0,4,2,0,0,0,0,5,16,13,10,0,0,0,0,1,3,3,0,0,2,0,0,0
36,0,0,0,7,0,0,2,1,0,0,0,1,0,0,0,0,3,14,23,21,19,8,12,10,1,0,0,6,0,7,6,0,1,9,21,0,0,2,2,0,5,14,1,0,9,6,0,9,18,0,0,0,4,0,0,0,3,0,0,0,8,0,0,3,2,0,2,0,0,9,0,0,0,9,0,0,0,5,0,0,3,0,0,0,1,0,9,5,2,0,1,0,0,7,0,2,0,1,0,5,0,0,0,0,0,2,0,7,0,1,0,11,0,0,1,3,0,6,1,2,0,1,0,2,6,0,0,6,15,12,7,0,0,0,0,0,0,9,0,6,1,2,0
37,0,1,0,0,6,0,0,2,2,7,0,0,2,1,0,0,0,4,22,22,20,15,8,12,9,1,0,0,2,0,5,5,0,0,20,20,1,2,4,0,0,4,14,0,1,9,2,0,17,18,0,0,0,4,0,0,0,10,0,0,0,6,0,0,3,1,0,3,0,0,9,0,0,1,16,0,0,2,12,0,2,10,0,0,0,0,0,9,5,0,0,1,0,0,6,7,3,0,0,0,5,0,1,0,0,0,0,0,6,0,0,1,8,0,1,1,0,0,6,2,0,0,1,2,2,6,0,0,6,14,9,6,0,0,0,0,0,0,6,0,4,3,0
38,0,0,0,0,0,4,0,0,0,0,6,0,0,0,3,0,0,0,12,21,20,22,12,6,10,6,0,0,4,6,0,3,4,4,10,19,22,0,0,3,4,0,4,18,0,0,8,6,7,17,16,0,0,0,2,0,0,0,8,0,0,0,4,0,0,1,0,0,7,0,0,8,0,0,6,18,0,0,2,11,0,0,8,0,0,0,0,0,8,2,0,0,5,0,0,4,9,1,0,0,0,4,0,0,0,0,0,0,0,4,4,0,0,7,0,0,5,0,0,4,10,0,0,0,0,0,4,2,0,4,13,7,3,0,0,0,0,0,0,4,0,1,3
39,0,0,0,0,0,0,3,0,0,0,0,5,0,0,0,2,0,0,2,20,20,16,20,11,5,8,16,0,0,0,3,0,0,0,3,9,17,21,0,0,0,3,0,8,17,0,0,5,6,16,16,15,0,0,0,0,0,0,0,18,0,0,0,3,0,0,0,0,0,6,0,0,5,0,0,8,15,0,0,1,10,0,0,6,0,0,0,0,0,4,1,0,0,4,0,0,2,8,0,0,0,0,3,0,0,0,0,0,0,0,0,3,0,0,6,0,0,2,0,0,1,8,0,0,0,0,0,0,1,0,3,12,5,2,0,0,0,0,0,0,14,0,0
40,0,0,0,0,0,0,0,2,0,0,0,0,4,0,0,0,1,0,0,10,19,16,14,19,10,3,18,15,0,0,0,2,0,0,0,2,7,16,20,0,0,0,2,0,16,15,0,0,4,6,15,15,14,0,0,0,0,0,0,10,17,0,0,0,2,0,0,0,0,0,4,0,0,4,0,0,14,14,0,0,0,8,0,0,5,0,0,0,0,0,3,0,0,0,3,0,0,1,7,0,0,0,0,2,0,0,0,0,0,0,0,0,0,0,0,4,0,0,1,0,0,0,6,0,0,0,0,0,0,0,0,2,10,4,0,0,0,0,0,0,10,13,0
41,0,0,5,0,0,0,0,0,0,0,1,0,0,1,0,0,0,0,0,0,18,17,12,13,17,6,8,15,16,1,3,0,7,1,0,0,0,6,19,21,1,0,0,3,6,14,20,1,0,0,5,14,13,10,0,1,0,0,0,0,16,20,0,0,0,0,0,0,1,0,0,9,1,0,0,0,4,13,10,5,0,0,6,0,0,10,0,0,0,0,0,2,1,0,0,0,0,0,0,4,0,2,0,0,0,0,5,0,0,0,1,0,1,5,0,0,5,3,0,0,0,0,0,2,0,0,0,0,0,0,1,0,0,8,9,3,0,0,2,0,0,12,16
42,0,0,0,5,0,0,1,3,0,0,0,0,0,0,0,0,3,0,0,0,8,16,14,11,11,14,3,8,12,13,0,1,0,4,0,0,0,0,9,20,18,0,3,0,2,4,19,17,0,0,0,4,17,10,9,0,4,0,0,0,6,19,18,0,1,0,1,0,0,4,0,0,6,0,0,0,0,3,12,7,3,0,0,3,0,0,10,0,1,0,3,0,0,0,0,0,0,3,0,7,1,0,1,0,0,1,0,5,0,0,0,4,0,0,4,0,0,3,6,0,0,0,0,0,2,0,0,0,0,0,0,0,0,0,5,7,0,0,0,2,0,2,15
43,0,0,0,1,4,0,2,7,3,0,0,0,0,0,0,0,6,2,0,0,0,6,14,13,10,9,13,4,4,8,11,0,0,0,3,0,0,0,0,10,17,17,6,0,0,0,9,16,17,0,0,0,10,15,9,6,6,4,0,0,1,9,18,17,2,0,2,1,0,6,2,0,0,6,0,0,0,0,3,9,6,3,0,0,2,0,1,8,2,0,6,2,0,0,0,0,0,6,2,3,5,0,0,0,0,2,0,1,4,0,0,6,1,0,0,2,0,0,9,6,0,0,0,0,1,0,0,0,0,0,0,0,0,0,0,3,5,1,0,1,1,0,5
44,0,0,0,0,0,2,0,0,5,1,0,0,0,0,2,0,0,4,0,0,0,2,4,12,11,7,6,11,8,8,8,9,0,4,0,1,2,0,0,0,16,16,15,10,0,0,0,13,14,14,0,0,0,14,13,8,4,4,2,0,0,1,8,16,16,0,0,0,5,0,3,1,0,0,4,2,0,0,0,2,6,4,1,0,0,1,0,0,7,0,0,4,6,0,0,0,2,0,4,1,0,4,0,0,0,0,1,0,0,2,4,0,5,0,0,0,6,0,0,7,14,0,0,0,0,0,0,2,0,0,0,0,0,0,0,0,0,3,0,0,0,0,0
45,0,0,1,0,0,0,0,0,0,1,0,0,0,0,1,0,0,0,1,0,0,1,0,2,9,7,3,3,19,16,8,5,10,8,0,0,0,0,0,0,8,13,12,23,7,0,1,8,10,10,11,0,0,4,12,12,4,0,2,0,0,0,0,6,15,13,0,0,8,1,0,4,0,0,0,5,1,0,0,1,0,2,1,0,0,1,0,0,0,5,0,0,12,3,0,0,0,0,0,1,0,0,1,0,0,0,1,0,0,0,10,0,0,6,0,0,8,6,0,0,11,10,0,0,0,0,0,1,0,0,0,0,0,0,1,0,0,0,3,0,0,0,0
46,0,0,0,2,0,0,2,6,0,0,0,0,0,0,0,0,6,0,0,0,0,0,0,0,1,7,6,4,9,15,14,7,2,6,7,0,0,0,0,0,0,12,19,13,23,5,0,0,9,9,10,10,6,0,3,9,18,4,0,1,1,0,0,0,8,14,15,0,0,14,0,0,1,0,0,0,2,0,0,0,0,0,1,0,0,0,2,0,2,0,11,0,2,11,2,0,0,6,0,3,0,0,0,0,0,2,0,2,0,0,0,16,0,0,6,0,0,6,12,0,1,9,8,0,1,0,0,0,0,0,0,0,0,0,0,0,0,1,0,4,0,0,0
47,0,5,0,0,3,1,0,2,11,1,0,2,5,5,0,1,0,7,5,1,1,0,0,2,1,1,6,5,1,6,13,15,4,0,6,8,0,0,0,0,0,2,18,16,18,23,2,0,5,9,10,11,10,6,2,1,9,19,6,0,0,0,1,1,0,9,14,20,0,4,14,0,0,6,1,0,0,2,1,0,0,1,1,1,1,0,0,2,0,1,1,13,0,3,12,3,0,0,7,0,3,0,5,1,0,0,0,0,3,1,0,6,14,0,5,6,0,0,6,17,0,1,9,8,0,1,1,0,2,1,0,1,0,1,0,0,0,0,0,0,3,0,0
48,0,0,2,0,0,1,2,3,1,10,0,0,1,4,2,0,4,0,6,3,0,0,0,0,0,0,0,6,2,0,4,11,12,1,0,4,8,0,0,0,0,0,8,15,15,15,20,0,0,2,7,8,14,7,5,0,4,9,18,3,0,0,0,0,2,0,13,19,17,3,4,11,0,0,5,0,0,0,1,0,0,0,0,0,0,0,0,0,3,0,4,3,10,0,2,11,3,3,0,14,0,0,0,3,0,1,0,0,0,1,0,3,4,11,0,2,3,0,3,7,16,0,0,7,8,0,0,0,0,0,0,0,0,0,0,0,0,0,0,0,0,1,0
49,0,0,0,8,0,0,3,3,2,1,7,0,0,0,1,1,1,3,0,5,2,0,0,0,0,0,0,6,3,0,0,3,8,9,3,0,4,10,2,0,0,0,1,5,14,12,12,17,0,0,1,6,9,11,6,2,1,4,8,17,9,0,0,0,2,1,3,18,16,18,0,1,8,0,0,2,0,2,0,0,2,0,0,0,0,0,6,0,2,0,1,3,0,9,0,2,11,4,2,4,11,0,0,0,0,2,0,6,0,0,0,1,0,1,10,0,0,1,1,2,6,13,0,2,13,5,0,0,0,0,0,0,0,0,0,0,0,6,0,6,0,2,0
50,0,0,0,6,7,0,2,4,2,2,0,6,0,0,0,0,2,0,2,0,4,0,0,0,0,0,0,6,3,0,0,0,0,5,11,2,0,6,12,0,0,0,1,0,4,11,9,9,16,0,0,0,7,6,10,3,3,1,3,7,23,7,0,0,2,1,3,8,15,17,15,0,0,7,0,0,0,2,2,0,2,2,0,0,0,0,6,3,2,0,1,0,0,0,8,0,2,12,3,2,1,7,0,0,0,2,0,6,5,0,0,1,0,0,0,7,0,0,2,0,0,3,10,2,8,10,4,0,0,0,0,0,0,0,0,0,0,6,2,6,5,2,0
51,0,0,0,0,4,5,0,0,2,0,1,0,4,0,2,0,0,0,0,0,0,6,0,0,0,0,0,0,10,7,0,0,0,4,2,9,4,0,3,11,4,0,0,5,0,1,10,13,7,13,0,0,0,4,4,9,1,1,0,0,13,23,5,0,0,0,0,1,12,13,14,14,0,0,5,2,0,0,0,1,0,0,0,0,0,0,0,3,2,0,0,0,4,0,0,6,2,2,10,2,0,0,5,0,0,0,1,0,4,3,4,0,0,0,0,0,11,0,0,0,8,0,0,7,0,5,8,6,0,0,0,0,0,0,0,0,0,0,5,0,3,2,2
52,0,2,0,0,0,4,4,0,2,2,0,6,2,6,0,2,0,0,2,0,0,0,4,5,0,0,0,0,0,8,6,0,0,0,3,2,7,3,0,3,9,4,0,0,7,0,0,8,15,5,13,0,0,0,9,4,8,1,6,0,3,22,23,5,0,0,0,2,2,12,13,13,14,2,0,2,2,0,0,0,0,0,0,0,0,0,0,0,2,1,0,5,0,4,0,0,4,1,2,9,0,0,2,5,0,0,0,0,0,4,1,3,0,0,2,0,1,10,0,2,0,6,0,0,6,0,5,5,11,0,0,0,0,0,0,0,0,0,0,4,0,2,1
53,0,1,0,0,5,5,3,3,1,1,2,0,7,3,3,5,1,5,1,7,5,0,0,4,10,0,0,0,0,0,7,11,0,0,0,8,0,5,1,0,0,14,3,0,1,7,0,0,14,15,10,18,0,0,0,9,3,7,1,5,0,12,27,28,4,5,0,1,0,2,12,11,13,15,1,0,2,0,0,0,0,0,5,0,5,0,0,0,0,1,0,0,2,5,9,0,0,3,6,0,9,0,1,7,5,0,0,0,5,5,1,0,3,0,1,2,0,0,9,1,0,0,6,0,0,6,5,2,5,16,0,5,0,5,0,0,0,0,0,0,3,0,1
54,0,0,0,6,0,4,7,4,2,1,0,1,0,6,0,2,6,0,4,0,6,2,0,0,3,7,0,6,0,0,0,6,8,0,2,0,8,2,7,0,0,4,15,0,0,0,4,0,4,14,14,9,19,0,0,0,10,3,6,0,11,2,26,27,30,3,7,0,0,1,2,10,12,14,15,0,0,4,0,0,2,0,0,2,0,2,6,0,2,0,2,0,0,1,4,9,0,1,2,6,0,5,0,0,4,7,0,6,0,4,2,2,0,0,0,0,0,0,1,8,0,0,0,8,6,0,5,2,1,6,13,0,2,0,2,0,0,6,0,6,0,5,0
55,0,0,0,2,4,0,4,6,4,4,0,0,1,0,1,0,1,4,0,2,0,1,1,0,0,2,6,2,1,0,0,0,2,3,8,0,0,16,10,3,0,0,5,10,0,0,0,0,0,4,13,12,9,18,0,0,0,12,2,5,2,7,16,26,29,28,3,7,0,0,0,0,11,13,16,10,0,8,6,0,8,4,0,0,0,0,4,5,0,0,0,1,0,0,0,6,8,0,0,0,5,0,5,0,0,4,3,2,4,0,0,1,0,0,0,0,0,0,0,1,5,0,0,8,10,5,0,0,1,0,3,11,0,0,0,0,0,2,2,2,5,8,1
56,0,0,1,0,2,4,0,1,4,1,9,0,0,0,0,1,0,1,2,0,2,0,0,1,0,0,0,3,1,0,1,0,1,1,0,8,0,6,12,15,2,0,0,4,8,0,1,0,0,0,4,13,9,8,18,5,0,2,12,0,2,3,7,16,23,29,25,1,6,0,0,1,5,9,10,13,15,0,5,7,0,5,4,0,0,1,0,0,2,0,0,0,0,0,0,0,2,5,0,0,0,9,0,5,0,0,5,0,2,4,0,0,6,1,0,0,0,1,0,0,0,1,0,0,9,6,5,0,0,1,5,3,7,0,1,1,0,0,6,0,0,1,9
57,0,0,0,3,0,1,11,2,1,4,0,8,0,0,0,0,3,0,1,1,0,1,0,0,0,0,0,2,0,0,0,0,0,0,1,0,9,0,6,9,11,1,2,0,4,6,0,0,0,0,0,3,15,7,8,15,7,0,2,11,2,2,2,6,23,22,36,25,0,8,0,0,0,5,9,9,10,15,0,3,7,0,4,2,0,0,3,0,7,0,2,0,0,0,0,0,1,4,4,1,0,0,9,0,3,7,0,7,0,1,0,2,0,4,1,0,0,0,3,0,0,0,0,0,2,7,5,4,0,0,0,4,1,6,0,1,0,2,0,8,0,0,1
58,0,1,0,0,2,0,1,11,3,8,1,0,9,1,0,0,0,2,1,0,0,0,1,0,0,0,0,0,0,0,0,0,0,0,2,0,1,11,2,3,5,10,1,0,1,4,2,0,1,0,0,0,5,15,7,5,15,14,0,1,11,0,1,1,13,22,26,37,21,0,8,0,0,1,12,5,6,12,22,0,5,14,0,4,1,0,0,3,0,5,0,2,0,0,0,7,1,1,3,3,1,0,1,8,0,3,3,0,6,0,0,0,0,0,5,1,0,0,0,4,0,0,0,2,0,2,6,1,4,0,0,0,4,0,2,0,1,0,0,0,6,2,0
59,0,0,0,2,0,0,0,1,11,5,4,0,0,9,0,0,0,0,2,0,0,0,0,0,0,0,0,2,0,0,0,0,0,0,8,0,0,9,19,0,0,3,9,0,0,0,0,0,0,0,0,0,0,5,14,3,5,17,13,0,3,7,0,0,3,21,25,36,32,20,0,4,0,0,3,7,1,14,14,18,8,7,12,0,2,0,2,0,3,0,4,0,0,0,0,2,6,0,0,1,2,0,0,0,7,0,0,5,0,4,0,0,0,0,0,4,0,0,0,0,1,0,0,8,4,0,0,1,0,2,0,0,0,2,0,0,0,3,0,2,0,14,0
60,0,0,0,0,1,0,0,0,1,9,2,3,0,0,5,0,0,0,0,1,0,0,0,0,0,0,10,0,0,0,0,0,0,0,0,7,0,0,9,16,0,0,2,5,0,0,0,0,0,0,0,0,0,0,4,11,2,7,16,23,0,0,6,0,0,11,24,35,32,31,18,0,1,0,0,0,4,4,13,17,17,6,6,10,0,0,0,0,0,0,0,3,0,0,0,0,0,5,0,0,0,0,0,0,0,6,0,0,4,0,0,0,0,0,0,0,0,0,0,0,0,0,0,0,7,2,0,0,0,0,0,0,0,0,0,0,0,0,0,0,12,4,11
61,0,0,1,0,0,0,0,0,0,0,8,0,0,0,1,2,0,0,0,0,0,1,0,0,0,0,0,7,8,8,0,0,1,8,0,0,6,0,0,15,24,0,0,10,2,0,1,8,0,0,0,0,0,0,0,3,7,0,6,22,20,0,0,3,0,1,23,34,43,28,27,19,0,0,0,1,0,0,3,16,16,13,3,2,7,1,0,0,0,0,0,0,11,0,0,0,0,0,2,0,0,0,0,0,0,0,7,0,0,1,8,0,0,1,0,0,8,0,0,0,4,0,0,0,0,3,0,1,0,0,0,0,0,0,1,0,0,0,0,0,2,7,4
62,0,0,1,0,0,0,0,0,0,0,0,6,0,0,1,0,0,0,0,0,0,1,0,0,0,0,0,0,15,16,8,0,1,9,3,0,0,1,0,5,23,21,0,8,7,0,1,9,5,0,0,0,0,0,0,0,0,3,0,12,19,20,0,0,0,0,13,33,42,39,24,28,18,0,0,1,0,0,0,6,15,12,10,0,0,8,0,0,0,0,0,0,8,8,0,0,0,0,0,0,0,0,0,0,0,0,1,4,0,0,9,4,0,1,0,0,8,8,0,0,4,0,0,0,0,0,0,1,0,0,0,0,0,0,1,1,0,0,0,0,0,0,7
63,0,1,0,0,5,5,0,0,1,0,0,0,7,1,0,6,0,5,1,5,5,0,1,0,5,0,0,0,5,15,15,13,0,0,7,8,0,0,0,0,13,28,20,0,9,7,0,0,10,5,5,5,0,0,0,0,0,0,3,2,18,19,25,5,0,5,3,32,41,41,39,22,28,19,0,0,1,0,0,0,5,14,17,10,5,0,7,0,0,0,0,0,0,13,13,0,0,0,5,0,0,0,1,5,0,0,0,0,9,5,0,8,4,0,2,0,0,7,7,1,0,4,0,0,0,0,5,0,1,5,0,5,0,5,0,0,1,0,0,0,0,0,0
64,0,0,0,1,0,4,7,6,0,1,0,0,0,7,0,0,12,0,5,0,4,2,0,0,0,3,0,1,0,5,14,14,10,0,0,6,8,0,0,0,3,27,34,16,0,7,4,0,0,8,4,4,11,0,0,0,6,0,0,2,8,18,24,24,7,0,7,22,40,47,39,36,19,28,19,0,0,0,0,0,0,5,13,15,9,2,1,5,2,0,6,0,0,3,12,13,0,6,0,8,0,0,0,0,3,2,0,1,0,8,1,6,5,1,0,0,0,0,13,7,0,0,2,0,1,0,0,2,0,0,2,0,3,0,2,0,0,2,0,1,0,0,0
65,0,0,0,2,0,0,11,9,6,0,0,0,0,0,6,0,2,11,0,4,0,3,0,0,0,0,2,2,0,0,5,13,12,6,0,0,7,8,0,0,0,17,33,30,16,0,5,0,0,0,7,3,6,9,0,0,2,6,0,0,4,8,17,23,31,6,7,12,39,46,45,37,33,19,28,18,0,0,0,0,0,0,4,11,14,7,4,0,12,0,2,5,0,0,2,12,14,2,5,1,6,0,0,0,0,10,0,2,0,0,4,3,3,3,1,0,0,0,3,13,6,0,0,2,2,0,0,0,1,0,0,1,0,2,0,2,0,2,0,2,0,0,0
66,0,0,0,0,2,0,1,9,9,6,0,0,0,0,0,6,0,2,11,0,4,0,11,0,0,8,0,0,0,0,0,5,9,8,5,0,0,6,7,0,0,7,32,29,30,24,0,1,0,8,0,7,1,14,7,0,0,2,4,0,0,1,8,17,21,31,4,7,29,45,54,41,33,33,19,25,14,0,0,0,0,0,0,12,11,10,4,12,2,9,0,0,1,0,0,2,10,12,2,2,9,2,0,0,8,0,6,0,2,0,0,2,0,0,3,9,0,0,0,3,10,14,8,0,0,10,0,0,0,1,0,0,9,0,0,0,10,0,0,0,0,0,0
67,0,0,0,2,0,1,7,3,9,9,3,0,0,0,0,0,8,0,2,10,0,3,1,10,0,0,7,2,0,0,0,0,3,5,8,4,1,0,6,4,0,0,22,28,29,28,22,0,1,0,7,0,9,4,13,4,2,0,1,3,2,0,0,7,24,21,38,4,19,44,53,52,38,33,33,18,22,14,0,0,0,0,0,2,11,9,12,2,19,0,11,0,0,0,0,0,3,12,11,3,0,6,2,0,0,15,0,8,0,1,0,2,0,0,0,1,5,0,2,0,2,8,12,8,2,0,9,0,0,0,0,0,0,8,0,0,0,12,0,2,0,0,0
68,0,0,0,1,1,0,3,13,3,9,6,2,0,0,0,0,6,7,0,1,9,0,1,0,9,0,0,8,0,0,0,0,0,0,4,7,4,0,0,3,0,0,12,27,28,27,25,18,0,0,0,6,6,7,3,10,10,2,0,0,4,0,0,0,14,23,28,38,9,43,52,51,49,38,33,30,15,21,14,0,0,0,0,0,1,8,10,10,9,16,6,10,0,0,0,0,0,9,11,14,1,0,6,1,0,5,12,1,7,0,0,6,0,0,0,0,0,3,6,2,0,0,6,11,9,0,0,6,0,0,0,0,0,0,5,0,0,2,9,1,1,0,0
69,0,0,2,0,0,0,0,3,10,0,13,5,0,0,0,0,0,5,4,0,0,6,0,0,0,5,0,0,8,0,2,0,2,0,0,3,3,0,0,4,3,0,2,26,27,26,29,25,15,0,0,0,3,2,6,7,7,7,1,0,0,6,0,0,4,22,27,37,38,33,51,54,55,46,35,30,34,11,18,16,0,0,0,0,0,3,4,6,7,7,13,5,10,0,0,0,0,0,10,13,10,6,0,5,0,0,7,8,0,6,0,0,10,2,0,0,0,2,0,3,1,0,0,2,7,5,0,0,5,0,4,0,0,0,2,7,0,0,7,5,0,0,2
70,0,0,5,0,0,0,0,0,0,6,3,12,2,0,0,0,0,0,2,2,0,0,2,0,0,0,1,0,1,9,3,0,5,3,0,0,0,0,0,1,5,1,0,16,26,25,31,30,22,11,0,0,0,0,1,7,4,3,6,0,0,3,4,0,0,12,26,36,38,35,41,56,55,52,42,33,31,30,8,23,12,0,0,0,0,5,0,0,4,5,4,12,6,8,0,0,0,0,0,12,9,12,3,0,1,0,5,4,6,0,7,0,1,15,0,0,1,3,0,0,2,0,0,0,0,3,3,0,0,3,1,2,0,0,5,5,3,0,2,4,1,0,3
71,0,0,5,2,0,0,0,0,0,0,7,2,9,0,0,0,0,0,0,0,0,0,0,1,0,0,0,0,1,2,12,1,5,6,0,0,0,0,0,1,2,3,0,6,25,24,30,32,27,18,9,0,0,0,0,2,4,0,2,2,0,3,1,2,0,2,25,35,37,35,31,46,57,52,48,40,34,27,26,13,19,8,0,0,0,5,2,0,0,2,2,3,13,4,6,0,0,0,0,2,8,11,9,1,0,0,5,2,2,4,1,4,1,6,12,0,1,4,0,0,0,0,0,0,0,0,1,1,0,0,4,0,0,0,5,8,1,0,2,0,0,0,3
72,0,1,0,4,7,5,0,0,1,0,0,7,3,10,0,5,0,5,1,5,5,0,0,0,6,0,0,0,0,0,2,17,0,2,4,5,0,0,0,0,0,7,2,0,15,25,22,27,33,27,23,14,0,0,0,0,1,3,0,1,1,0,8,6,1,5,15,34,36,36,35,36,56,58,51,45,40,32,26,24,11,18,13,0,5,0,4,2,0,0,1,2,3,18,9,5,0,0,5,0,2,7,12,14,1,0,0,4,7,7,1,0,4,0,7,12,0,0,3,1,0,0,0,0,0,0,5,0,1,5,0,9,0,5,0,4,8,0,0,1,0,0,0
73,0,0,0,0,3,6,2,0,0,0,0,0,6,2,5,0,2,0,4,0,4,0,0,0,0,3,0,0,0,0,0,7,15,0,0,3,2,0,0,0,0,0,4,0,5,24,23,20,26,30,26,22,11,0,0,0,0,0,2,0,0,0,0,7,3,0,5,33,35,35,34,35,55,57,56,46,44,36,30,24,20,9,17,10,0,3,0,1,0,13,0,0,0,8,17,7,2,0,0,1,0,0,6,11,11,0,0,0,3,6,5,0,0,2,0,4,10,0,0,2,0,0,0,0,0,0,0,0,0,0,4,0,6,0,3,0,1,5,0,0,0,0,0
74,0,0,0,0,0,1,7,2,0,1,0,0,0,5,0,3,0,0,0,2,0,1,0,0,0,0,1,0,0,0,0,0,5,14,0,0,13,1,0,0,0,0,0,3,0,14,22,22,19,24,28,24,22,9,0,0,0,1,0,0,0,0,0,0,8,1,1,23,34,35,33,31,45,56,58,53,42,43,37,27,23,21,7,15,8,0,3,0,2,3,13,0,0,0,7,18,17,2,0,0,0,0,0,4,9,12,0,0,0,1,5,5,0,0,1,0,3,9,0,0,4,0,0,0,0,0,0,0,0,0,0,2,0,4,0,2,0,1,1,0,0,0,0
75,0,0,1,0,0,0,0,4,0,0,6,0,0,0,2,0,0,0,0,0,2,0,0,0,0,0,0,0,0,0,1,0,1,4,10,0,3,9,0,5,0,0,0,0,1,4,21,21,20,15,24,28,21,18,9,5,0,0,1,0,0,1,0,0,0,8,0,13,33,34,32,34,36,46,57,55,58,38,40,38,23,20,21,5,15,9,0,0,0,1,3,13,0,0,0,8,16,14,2,0,0,4,0,0,0,6,13,0,0,0,0,2,10,1,0,0,0,4,6,0,0,0,0,0,0,0,0,0,0,0,5,0,0,0,5,1,0,0,5,0,0,0,1
76,0,0,5,0,0,0,0,0,1,0,1,5,0,0,0,0,0,0,0,0,0,0,0,0,0,0,0,0,1,1,3,0,5,2,0,8,0,0,5,1,6,0,0,1,0,0,11,22,18,16,14,27,25,17,17,10,2,0,0,0,0,3,0,0,0,0,6,3,32,33,31,37,35,36,56,55,56,54,34,45,34,19,18,17,5,20,6,0,0,0,0,3,14,0,0,0,15,13,12,0,0,2,1,0,0,0,11,10,0,0,1,0,3,15,0,0,1,3,1,3,0,0,0,0,0,0,0,0,0,0,1,3,0,0,5,8,0,0,2,2,0,0,3
77,0,0,0,2,0,0,0,0,0,0,0,0,4,0,0,0,0,0,0,0,0,0,0,0,0,0,0,0,0,0,0,2,0,3,0,0,5,0,0,4,0,5,0,0,0,0,1,21,21,15,15,17,24,22,16,16,7,0,0,0,0,0,2,0,0,0,0,5,22,32,30,29,36,34,46,54,55,53,52,35,41,32,18,15,16,10,17,3,0,13,0,0,4,13,0,0,5,12,12,8,0,0,1,0,0,0,1,9,9,0,0,0,0,5,14,0,0,0,0,0,0,0,0,0,0,0,0,0,0,0,0,0,0,0,0,3,5,0,0,0,0,0,0
78,0,1,0,0,7,5,0,0,1,0,0,0,1,5,0,5,0,5,1,5,5,0,0,0,5,0,0,0,0,0,0,5,0,0,1,5,0,3,0,0,1,5,4,0,1,0,0,11,22,21,20,20,16,24,22,16,15,6,0,0,0,0,5,7,0,5,0,1,12,31,32,28,29,37,36,53,54,53,52,50,33,40,37,18,20,14,9,17,2,3,12,0,0,9,18,0,0,4,17,10,8,0,1,6,0,0,0,0,14,14,0,0,0,0,6,14,0,0,0,1,0,0,0,0,0,0,5,0,0,5,0,5,0,5,0,0,3,4,0,0,0,0,0
79,0,2,0,0,0,7,4,0,2,1,0,5,2,3,2,0,4,0,7,1,5,2,0,5,0,3,0,0,0,0,0,0,4,0,0,1,3,0,2,0,0,1,4,2,2,0,0,1,21,20,21,20,19,14,29,22,15,15,11,0,0,0,0,5,6,0,4,2,2,30,31,31,28,31,37,43,53,53,53,51,49,33,40,35,18,19,13,7,16,1,2,17,0,0,9,18,0,0,7,16,8,7,2,1,4,0,0,0,4,14,12,0,0,0,2,4,12,0,0,2,0,0,0,0,0,0,0,2,5,0,5,0,3,0,4,0,0,2,3,0,0,0,0
80,0,0,1,0,0,0,6,2,0,0,0,0,3,0,5,0,0,2,0,5,0,7,0,0,3,0,0,0,4,4,0,0,0,8,0,0,3,0,0,1,4,0,0,8,0,0,0,4,11,19,20,19,18,16,19,28,20,13,13,8,0,0,0,0,4,4,0,2,6,20,30,30,30,26,29,39,43,52,52,52,48,47,31,37,33,17,17,10,6,13,0,7,21,0,0,17,20,0,0,6,13,7,5,0,0,3,0,0,0,4,18,10,0,0,0,0,8,12,0,0,10,0,0,0,0,0,0,2,0,3,0,3,0,1,0,4,0,0,1,1,0,0,0
81,0,0,0,3,0,0,0,5,2,2,0,0,0,3,0,3,0,0,2,0,3,0,6,0,0,2,0,2,0,0,0,0,0,0,16,0,0,11,8,0,0,2,0,0,8,0,0,0,4,10,17,18,18,17,15,18,27,22,12,12,10,0,0,0,0,2,4,0,0,10,29,29,29,30,28,29,42,51,54,48,60,50,45,30,35,29,19,16,10,3,12,0,11,19,0,7,19,19,0,0,5,9,7,3,0,0,0,2,0,0,8,17,6,0,0,0,0,11,11,0,0,9,0,8,2,0,0,0,1,0,0,0,2,0,0,0,3,2,0,3,0,8,0
82,0,0,0,2,1,0,0,0,5,4,0,0,0,0,0,0,2,0,0,0,0,0,0,5,0,0,1,2,0,0,0,0,0,0,8,14,0,8,19,4,0,0,1,0,0,7,0,0,0,3,8,15,17,17,16,11,17,29,21,11,14,6,0,0,0,0,2,4,0,0,28,28,28,29,32,23,32,50,53,50,56,62,48,44,28,31,31,18,16,6,2,11,1,18,17,2,9,18,17,0,0,1,9,5,2,0,0,2,0,0,0,16,13,2,0,0,0,1,10,11,0,0,8,8,10,1,0,0,0,0,0,0,0,0,0,0,0,5,0,2,2,8,4
83,0,0,0,0,0,0,1,3,0,4,1,0,0,0,0,0,3,0,0,0,0,0,0,0,3,0,0,1,0,0,0,0,0,0,0,6,14,0,9,16,1,0,3,0,0,0,4,0,0,0,1,6,18,14,16,13,14,19,28,18,11,12,4,0,1,0,1,1,1,3,18,27,27,28,31,29,22,49,52,50,48,55,60,45,42,25,31,28,19,12,9,1,8,8,16,16,2,12,16,24,0,0,0,7,2,3,0,0,0,0,0,6,13,10,1,0,0,0,4,9,10,0,0,7,9,7,0,0,0,0,0,0,0,0,0,0,0,0,1,0,0,0,6
84,0,0,0,6,0,0,2,2,2,0,1,0,0,0,0,0,1,2,0,0,0,0,0,0,0,0,0,6,0,0,0,0,0,0,2,0,6,16,2,6,13,0,1,0,0,0,0,1,0,0,0,0,8,15,13,13,14,14,18,27,24,9,11,3,2,0,2,0,0,2,8,26,26,27,30,28,26,39,51,49,52,48,54,57,44,39,31,28,30,16,13,8,0,7,7,16,16,3,11,16,21,0,0,0,4,4,0,6,0,0,0,1,3,10,9,0,0,0,1,3,7,7,0,2,13,6,6,0,0,0,0,0,0,0,0,0,0,6,0,7,0,2,0
85,0,2,0,0,6,0,0,1,4,2,0,6,2,2,0,0,0,1,4,0,0,0,0,5,0,0,0,0,4,0,0,0,0,0,0,2,0,6,15,2,4,13,0,0,2,0,0,0,3,0,0,0,0,6,20,13,12,14,19,17,26,23,9,11,2,2,0,4,0,0,0,16,26,28,27,27,28,29,50,50,48,52,48,52,57,43,38,29,27,29,15,18,6,0,7,7,14,15,3,10,14,20,2,0,0,3,3,0,6,0,0,0,1,2,12,7,0,0,0,3,1,5,5,0,3,11,6,3,5,0,0,0,0,0,0,0,0,0,5,0,6,0,1
86,0,0,3,0,0,3,0,0,0,0,1,0,3,0,3,0,0,0,0,1,0,1,0,0,2,0,0,0,8,12,0,0,1,8,0,0,1,0,14,14,10,3,9,8,0,0,1,8,0,0,0,0,0,0,10,19,9,8,12,15,16,26,20,6,7,0,0,0,12,0,0,6,25,27,26,28,26,23,40,51,45,44,49,44,49,58,40,34,25,25,25,13,26,3,0,3,6,10,12,0,6,14,17,0,0,0,4,0,0,3,8,0,0,2,2,8,15,0,0,0,7,0,1,0,0,1,8,7,1,2,0,0,0,0,1,0,0,0,0,2,0,1,0
87,0,1,0,3,0,0,3,0,1,7,0,1,1,4,0,2,0,0,1,0,0,0,1,0,0,2,0,0,0,11,10,0,0,0,10,0,1,3,4,13,10,9,3,5,9,0,0,0,9,0,0,0,0,0,0,9,19,16,8,10,15,16,25,19,6,6,0,1,2,12,0,0,15,26,34,22,25,28,30,41,53,52,43,49,43,48,58,40,34,23,25,25,16,25,2,7,4,6,9,11,0,4,16,16,0,0,0,4,0,0,0,8,0,0,3,2,5,13,0,1,0,7,0,3,0,0,0,4,7,0,0,0,0,0,0,0,0,0,0,0,0,2,0
88,0,1,0,0,8,5,0,2,1,0,7,0,2,2,1,5,1,5,1,6,5,0,0,1,5,0,1,0,0,1,10,15,0,0,0,15,0,0,1,4,10,15,8,0,6,9,0,0,1,9,5,5,0,0,0,0,9,18,16,7,9,14,21,30,18,11,5,1,0,2,12,0,5,25,33,31,22,23,27,31,52,52,57,43,54,41,48,58,39,33,22,25,22,21,30,1,5,3,11,7,11,0,6,21,16,0,0,0,9,5,0,0,8,0,1,3,0,4,12,1,0,0,7,0,2,0,5,0,4,12,0,5,0,5,0,0,0,0,0,0,0,0,1
89,0,0,0,0,0,6,4,0,0,0,0,5,0,0,4,0,3,0,3,0,4,7,0,0,0,2,0,0,4,4,1,8,14,4,0,5,17,0,0,0,8,8,13,12,0,3,8,4,0,0,7,3,3,0,0,0,0,17,16,13,5,9,12,20,29,16,10,3,5,0,2,11,0,15,32,35,30,19,21,26,42,51,56,54,44,53,39,48,57,36,31,20,29,20,20,28,3,3,1,10,4,10,0,11,18,15,0,0,0,7,9,0,0,7,0,0,7,0,2,10,9,0,0,4,0,0,0,7,0,2,11,0,2,0,4,0,0,0,0,0,0,0,0
90,0,2,0,0,0,0,5,3,2,0,0,5,7,2,0,4,0,3,2,3,0,1,5,5,0,0,1,0,0,2,3,1,7,12,3,0,7,16,0,0,0,8,7,11,14,0,2,6,6,0,0,7,2,1,5,0,0,7,22,15,12,4,9,12,19,29,15,12,1,4,0,1,11,5,31,34,35,29,19,20,32,50,55,54,54,43,52,38,56,56,35,36,19,29,20,20,26,2,3,0,8,3,12,1,17,17,14,0,0,0,5,8,0,0,9,0,0,6,0,4,8,7,0,0,3,0,0,0,12,0,2,11,0,2,0,3,0,0,0,0,0,0,0
91,0,0,0,0,0,0,1,8,2,1,0,0,4,6,0,0,7,0,2,0,1,0,0,4,3,0,0,1,0,0,0,1,0,4,10,1,0,6,14,0,0,0,11,4,10,11,0,0,5,3,0,0,10,0,0,2,3,0,12,19,15,10,2,7,13,19,30,14,9,4,1,0,1,10,21,33,34,33,28,16,22,49,54,53,53,51,43,49,46,55,59,34,33,19,27,19,20,29,0,10,0,4,2,10,7,18,14,14,0,0,0,8,5,0,0,6,0,0,9,0,3,5,4,0,0,0,0,0,2,10,0,1,8,0,0,0,0,0,0,0,0,0,0
92,0,0,0,6,0,0,2,2,7,2,0,0,0,3,3,0,1,6,0,1,0,0,0,0,3,0,0,6,0,0,0,0,0,0,6,9,1,2,8,11,0,0,1,8,3,7,8,0,0,2,2,0,1,7,0,0,3,3,2,18,25,13,9,1,9,12,21,29,11,10,1,0,0,0,11,32,33,36,33,25,18,39,53,52,52,50,57,40,51,45,58,58,31,32,18,27,19,21,28,0,7,0,3,1,7,9,15,20,13,0,0,1,5,2,0,0,3,0,1,8,0,0,2,6,6,0,0,0,0,1,7,0,0,7,0,0,0,6,0,6,0,2,0
93,0,0,5,0,4,0,0,0,0,3,3,0,0,0,1,1,0,0,3,0,0,0,0,0,0,0,0,0,7,1,3,0,5,1,0,4,6,0,0,9,12,0,0,2,5,0,12,9,0,0,0,0,0,0,6,1,0,0,2,8,24,28,11,7,0,7,11,28,30,8,6,6,1,0,1,31,33,29,32,38,21,29,52,51,51,57,47,53,41,49,48,57,59,29,30,17,24,16,19,25,0,9,0,1,0,5,14,12,18,11,1,0,2,10,0,0,1,6,0,0,7,0,0,0,3,2,0,0,0,0,2,5,0,0,12,3,0,0,8,0,2,0,5
94,0,0,5,2,0,2,0,0,0,0,4,2,0,0,0,0,0,0,0,1,0,0,0,0,0,0,0,0,1,8,4,1,5,6,0,0,1,2,0,1,10,10,0,1,0,1,5,13,6,0,0,0,0,0,0,7,0,0,0,0,14,27,26,9,5,0,5,18,29,27,4,11,7,0,0,21,32,29,25,37,34,19,51,50,50,56,54,43,51,39,46,47,58,57,27,26,14,21,14,16,21,2,6,0,0,0,10,11,10,16,12,0,1,7,7,0,1,4,3,0,0,3,0,0,0,0,0,0,0,0,1,0,1,0,5,15,0,0,2,5,0,0,3
95,0,0,0,7,0,0,2,0,0,2,0,3,2,0,0,0,0,0,0,0,0,0,0,0,0,0,0,2,0,0,4,2,0,0,14,0,0,9,10,0,0,9,9,0,1,0,0,3,13,5,0,0,0,0,0,0,6,2,0,0,4,26,25,24,9,3,0,8,28,28,26,1,7,7,2,11,31,40,31,27,45,36,41,50,48,46,58,53,43,47,38,45,48,56,55,29,25,13,19,12,15,17,2,4,0,0,0,12,9,8,11,11,0,0,7,6,0,0,3,3,0,0,2,8,2,0,0,0,0,0,0,0,0,0,0,5,14,2,0,4,4,8,0
96,0,0,0,0,5,0,1,5,0,0,0,0,2,1,0,0,3,0,0,0,0,0,0,0,0,0,0,0,0,0,0,2,0,0,4,12,0,0,9,7,0,0,12,6,0,0,0,0,3,10,3,0,3,0,0,0,3,5,1,0,0,16,24,23,25,7,4,0,18,31,25,23,0,6,6,1,30,39,39,28,35,44,34,40,48,45,48,55,54,39,50,37,42,46,54,54,29,28,11,26,9,11,16,0,1,1,0,2,10,7,5,14,8,0,0,4,3,0,3,2,2,0,0,0,8,0,0,0,0,0,0,0,0,0,0,0,4,14,0,0,1,2,6
97,0,0,0,0,0,3,1,1,4,1,0,0,0,1,0,0,0,1,0,0,0,0,0,0,0,0,0,0,0,0,0,0,0,0,0,2,22,0,0,5,6,0,2,11,5,0,0,0,0,1,8,1,0,1,0,0,0,4,3,0,0,6,23,22,24,23,8,3,8,30,29,22,19,0,7,3,20,38,40,36,27,36,42,32,38,45,45,46,56,51,40,48,36,40,44,55,64,29,26,16,24,5,10,14,0,2,0,0,0,8,6,5,10,5,0,0,3,2,0,2,4,0,0,0,0,6,0,0,0,0,0,0,0,0,0,0,0,4,10,0,0,0,1
98,0,1,0,0,5,5,2,0,2,3,1,0,1,1,0,5,0,5,2,5,5,0,0,0,5,0,0,0,0,0,0,5,0,0,0,5,12,20,0,0,2,11,0,1,12,5,0,0,1,0,6,13,0,0,1,0,0,0,4,2,0,0,13,28,21,29,22,9,0,20,30,27,22,20,0,4,10,37,39,38,34,26,41,42,37,36,44,45,46,55,50,40,45,41,45,45,63,63,34,24,16,23,6,15,14,0,0,0,5,5,5,5,5,8,6,0,0,2,1,1,0,4,0,0,0,0,11,0,0,5,0,5,0,5,0,0,0,0,3,9,0,0,0
99,0,0,0,0,0,3,6,5,0,1,0,0,0,0,0,0,8,0,4,0,3,2,0,0,0,2,0,0,0,0,0,0,2,0,0,0,5,10,18,0,0,1,14,0,2,9,2,0,0,0,0,4,16,0,0,0,3,0,0,1,2,0,3,27,29,19,30,21,6,10,29,27,24,21,19,0,1,27,38,37,36,33,31,41,40,34,36,41,46,45,58,49,37,43,39,44,53,66,61,41,21,13,22,5,13,15,0,0,0,3,2,8,2,2,7,3,0,0,5,0,0,0,1,0,0,0,1,8,0,0,2,0,2,0,2,0,0,0,0,3,6,0,0
100,0,0,0,2,0,0,3,5,5,2,0,0,0,0,0,0,0,6,0,2,0,0,1,0,0,0,1,2,0,0,0,0,0,0,8,0,0,13,18,14,0,0,4,9,0,1,5,0,0,0,0,0,6,15,0,0,0,5,0,0,3,0,0,17,28,27,20,30,16,5,19,26,23,24,23,14,0,17,37,36,45,38,31,31,39,36,36,35,41,42,48,57,44,35,41,41,43,56,64,59,40,17,13,20,4,13,11,2,0,0,0,1,4,0,2,6,0,0,0,5,0,0,0,9,2,0,0,0,7,0,0,0,0,0,0,0,0,2,0,2,2,14,0
101,0,0,0,0,0,0,1,3,4,6,0,0,0,0,0,0,0,0,5,0,0,0,0,0,0,0,0,1,1,0,0,0,0,0,0,6,10,3,17,14,13,0,0,3,8,0,0,4,0,0,0,0,0,5,13,0,0,1,3,0,0,2,0,7,27,26,28,20,29,16,9,25,22,22,25,20,10,7,36,35,44,46,36,29,29,36,36,34,36,38,42,47,56,42,33,42,51,46,63,64,57,36,16,11,18,5,10,11,0,0,0,0,0,1,0,0,5,0,0,0,7,0,0,0,9,0,0,0,0,5,0,0,0,0,0,0,0,0,0,0,0,4,13
102,0,0,1,0,0,0,0,0,1,1,11,0,0,0,0,0,0,0,0,5,0,0,0,0,0,0,0,0,0,0,1,0,1,0,0,0,2,6,7,22,13,13,0,0,1,4,1,0,2,0,0,0,0,0,5,18,0,0,1,0,0,1,2,0,17,27,23,26,19,26,12,15,30,20,19,22,25,6,26,37,34,45,46,32,29,30,33,32,31,35,35,42,46,56,42,32,50,48,53,63,60,61,34,16,8,15,6,7,11,0,0,0,5,1,0,0,0,6,0,0,0,3,0,0,0,5,0,0,0,0,10,0,0,0,1,1,0,0,4,0,0,0,5
103,0,0,0,1,0,0,1,0,0,2,1,9,0,0,0,0,0,0,0,0,3,0,0,0,0,0,0,0,0,0,0,0,0,0,0,0,10,1,5,12,21,11,13,0,0,0,1,0,0,0,0,0,0,0,0,8,18,1,0,0,0,0,0,0,7,26,28,22,25,19,24,9,20,29,21,16,18,24,16,36,36,35,43,44,30,26,30,31,33,28,35,33,41,46,54,43,42,50,46,53,61,56,60,32,14,9,12,6,5,9,0,0,0,2,0,0,0,0,6,0,2,0,1,0,0,0,3,0,0,0,0,8,0,0,0,0,0,0,0,4,0,0,0
104,0,0,3,0,0,0,0,0,0,0,3,0,7,0,0,0,0,0,0,0,0,2,0,0,0,0,0,0,0,0,7,0,3,0,0,0,0,6,0,6,12,20,9,13,0,0,3,1,0,0,0,0,0,0,0,1,8,16,0,0,0,7,0,0,0,16,27,26,22,23,16,27,10,19,27,20,17,14,22,26,35,34,34,40,43,33,24,27,31,31,26,34,33,40,45,52,42,40,49,44,51,63,54,59,29,14,12,10,5,4,9,0,1,3,0,0,0,7,0,4,0,0,0,0,0,0,0,2,0,0,1,0,5,0,3,7,0,0,2,0,1,0,7
105,0,0,0,2,0,0,0,0,0,0,0,2,0,6,0,0,0,0,0,0,0,0,0,0,0,0,10,0,0,0,0,6,0,0,0,0,0,0,5,0,2,11,19,5,12,0,0,0,0,0,0,0,0,0,0,0,0,6,15,10,0,0,6,0,0,6,26,26,22,21,21,17,24,9,17,23,17,16,12,18,25,33,33,32,39,39,32,22,26,27,30,25,30,32,39,43,50,41,39,46,42,53,62,53,57,28,10,11,9,4,0,8,0,0,2,0,0,0,6,0,1,0,0,0,0,0,0,0,1,0,0,0,0,4,0,0,5,0,0,1,10,0,0
106,0,0,0,0,1,0,0,0,0,0,0,0,1,0,2,0,0,0,0,0,0,0,0,0,0,0,10,9,0,0,0,0,2,0,0,0,0,0,0,2,0,1,10,15,4,10,0,0,0,0,0,0,0,0,0,0,0,0,5,25,9,0,0,5,0,0,16,25,22,21,19,17,14,23,7,13,20,16,14,8,17,23,32,31,31,35,38,30,21,22,26,29,21,29,31,37,41,49,40,36,44,43,61,61,51,56,24,9,10,8,0,0,5,0,0,0,0,0,0,5,0,0,0,0,0,0,0,0,0,0,0,0,0,0,0,0,0,4,0,0,11,9,0
107,0,0,0,6,0,0,2,1,0,0,0,0,0,0,0,1,1,0,0,0,0,0,0,0,0,0,0,16,6,0,0,0,0,0,2,0,0,2,2,0,0,0,2,7,14,1,7,0,0,0,0,0,1,0,0,0,1,0,0,15,31,7,0,0,7,0,6,24,22,23,18,16,14,13,23,4,10,22,16,11,10,17,22,29,30,28,41,35,32,18,23,25,26,20,28,31,37,42,48,40,34,42,60,60,58,53,53,30,8,9,5,1,0,2,0,0,0,0,1,0,3,0,0,2,6,0,0,0,0,0,0,0,0,0,0,0,0,6,0,6,1,13,7
108,0,0,1,0,6,0,0,0,0,0,5,0,0,0,0,0,0,1,0,0,0,0,0,0,0,0,0,6,15,5,1,0,1,0,0,2,0,0,0,7,0,0,0,1,5,10,2,6,0,0,0,0,0,0,0,5,0,0,0,5,30,32,7,0,0,7,0,14,23,19,19,19,21,12,13,20,9,12,19,17,7,7,17,19,29,31,31,37,32,31,15,23,24,26,20,25,27,34,42,45,36,38,50,60,56,55,54,50,30,8,8,2,6,1,0,0,0,1,0,0,0,0,0,0,0,2,0,0,0,0,5,0,0,0,1,1,0,0,10,0,3,3,14
109,0,0,0,0,0,3,0,0,0,0,0,2,0,0,15,0,0,0,0,0,0,15,0,0,0,0,0,0,7,16,4,0,0,2,0,0,0,0,0,0,8,0,0,1,0,2,8,3,2,0,0,0,0,0,0,0,2,0,0,0,20,31,29,4,0,0,6,4,22,20,16,17,16,17,8,28,17,4,9,17,12,3,7,18,28,30,30,36,36,27,28,13,24,21,23,16,22,24,32,44,42,33,40,59,57,55,53,51,47,27,9,5,0,4,0,0,1,0,0,0,2,0,0,0,0,0,0,15,0,0,0,2,0,0,0,0,0,0,0,7,0,0,4
110,0,2,0,0,0,0,2,0,2,0,0,5,4,2,5,15,0,0,2,0,0,5,13,5,0,0,0,0,0,6,15,4,0,0,1,0,0,0,0,0,0,8,0,0,3,0,1,6,5,0,0,0,0,0,5,0,0,2,5,0,10,30,31,29,3,0,0,8,12,21,18,15,17,18,17,18,28,16,4,8,16,12,3,8,27,29,29,28,35,35,26,33,14,24,21,23,14,21,24,34,42,41,35,49,57,56,54,52,51,47,25,8,5,0,6,0,0,0,0,2,0,0,0,0,0,0,0,5,20,0,0,0,0,0,0,0,0,0,0,0,6,0,0
111,0,0,0,2,0,0,0,1,0,4,0,0,5,4,0,5,14,0,0,0,0,0,4,12,3,0,0,2,0,0,14,13,0,0,8,0,0,8,8,0,0,0,7,0,0,2,0,0,6,4,0,0,0,0,0,1,0,2,1,4,2,20,30,29,29,1,0,0,3,11,20,14,11,17,20,12,18,36,18,0,16,18,10,2,17,28,31,28,28,31,34,25,28,14,22,23,22,13,19,24,41,40,41,39,56,57,52,56,50,49,42,24,4,1,0,5,0,0,0,0,0,0,0,8,2,0,0,0,10,18,0,0,0,0,0,0,0,2,0,2,0,14,0
112,0,0,1,0,0,0,0,0,0,0,3,0,0,2,5,0,4,11,0,0,0,1,0,2,9,0,0,0,10,8,4,12,14,8,0,5,0,0,7,7,8,0,0,15,0,0,3,8,0,2,1,0,0,0,0,0,0,0,0,0,1,10,29,28,28,26,0,0,8,1,19,21,13,8,13,21,11,26,32,19,6,17,15,6,7,27,30,27,24,26,27,32,33,25,12,22,22,18,10,16,31,41,37,38,46,56,58,49,53,47,57,38,23,5,0,0,13,0,0,0,4,0,0,0,5,0,0,1,0,17,17,0,0,0,1,0,0,0,2,0,0,4,14
113,0,0,0,0,0,0,0,0,0,0,0,0,0,0,17,2,0,1,7,0,0,15,0,0,0,6,0,0,1,11,7,2,13,15,3,0,2,0,0,6,8,5,0,5,11,0,0,4,4,0,0,0,0,0,0,0,0,0,0,0,0,0,19,27,27,25,25,0,1,5,9,20,18,9,4,28,18,16,31,30,14,7,14,12,3,17,29,27,26,19,23,24,33,30,22,12,21,19,15,7,21,40,37,34,36,55,57,55,46,50,48,54,35,21,1,0,3,12,0,0,2,1,0,0,0,2,0,15,0,7,16,14,0,0,0,0,0,0,0,0,0,0,4
114,0,0,0,1,0,0,2,6,0,0,0,0,0,0,7,16,8,0,1,6,0,5,13,0,0,0,5,1,0,1,9,6,3,14,14,2,0,1,0,0,2,7,11,0,5,9,0,0,4,2,0,0,6,0,0,0,6,0,0,0,1,0,9,26,29,26,27,25,0,7,3,10,17,18,9,18,25,17,21,29,29,14,6,12,11,7,28,27,29,23,25,22,23,32,29,22,12,27,18,18,11,39,40,36,32,45,56,58,54,45,46,54,51,32,21,0,0,2,18,0,0,0,0,0,1,0,1,5,14,0,6,15,12,0,0,0,0,1,0,1,0,0,0
115,0,0,5,0,0,0,0,0,3,0,1,0,0,0,0,6,13,6,0,0,4,0,3,12,0,0,0,2,2,1,4,7,11,4,10,12,0,0,0,1,1,0,4,12,0,1,14,1,0,0,0,0,0,2,0,1,0,2,0,0,0,4,0,25,28,27,24,24,26,0,3,8,11,14,14,8,24,21,13,26,25,25,12,2,10,16,18,26,28,27,20,24,23,22,30,25,19,17,25,15,14,29,39,38,32,35,55,57,56,52,46,44,55,56,29,17,1,3,8,15,0,0,0,0,0,0,0,0,4,12,1,5,11,10,5,3,0,0,3,0,0,0,3
116,0,0,1,2,0,0,0,0,0,0,0,0,0,0,1,0,3,10,3,0,0,5,0,2,9,0,0,0,10,10,1,1,8,19,0,11,11,0,0,0,9,0,0,12,9,0,4,22,0,0,0,0,0,0,0,0,0,0,0,0,0,0,1,15,27,26,23,21,32,22,0,4,7,8,10,15,14,20,17,16,24,24,22,8,0,15,17,25,27,26,23,18,32,20,20,26,24,15,15,22,11,19,38,37,34,28,45,56,55,53,60,42,45,56,53,25,25,1,0,5,19,0,0,0,0,0,0,1,0,2,11,0,1,8,11,5,0,0,0,0,0,0,0
117,0,0,0,7,1,0,2,1,0,0,0,0,0,0,0,0,1,2,9,2,0,0,2,0,1,6,0,6,0,9,8,0,0,9,21,1,11,13,2,0,0,8,1,2,11,6,0,12,21,0,0,0,1,0,0,0,1,0,0,0,6,0,0,5,26,26,28,22,22,33,19,0,1,6,8,7,12,16,20,14,18,24,23,19,7,5,21,15,27,24,27,22,22,31,19,20,26,25,14,15,19,9,37,37,34,36,35,55,55,54,50,61,39,46,55,50,22,23,2,0,9,16,0,2,6,0,0,0,0,0,1,10,0,0,5,9,2,6,0,6,0,2,0
118,0,0,0,6,6,0,2,3,0,0,0,0,0,0,0,0,1,0,1,8,1,0,0,1,0,0,5,6,3,0,7,7,0,0,20,20,1,13,15,0,0,0,9,0,1,8,3,2,20,18,0,0,1,0,0,0,1,1,0,0,6,4,0,0,16,25,28,27,19,23,30,16,0,0,6,5,4,14,16,17,16,18,23,20,18,4,11,18,17,24,25,26,19,21,30,19,20,27,24,14,12,15,27,36,34,36,33,45,54,54,51,51,58,36,45,52,47,20,24,1,0,15,13,2,8,3,0,0,0,0,0,0,7,0,0,3,6,8,2,6,5,2,0
119,0,0,0,0,4,4,0,0,1,0,0,0,0,0,2,0,0,0,0,0,6,3,0,0,0,0,0,3,10,7,0,5,6,4,10,19,22,3,14,14,4,0,0,13,0,0,7,7,10,17,16,0,0,0,0,0,0,0,0,0,0,6,2,0,6,24,27,26,31,17,20,29,15,0,0,8,4,4,15,16,15,17,22,20,18,17,2,8,17,14,22,23,30,17,20,28,21,18,25,23,11,11,17,35,33,33,35,35,53,53,58,49,50,57,35,51,56,47,18,22,9,5,12,10,0,5,1,2,0,0,0,0,0,5,0,0,0,4,7,0,3,2,2
120,0,0,5,0,0,2,2,0,0,0,1,0,0,0,0,0,0,0,0,0,0,4,0,0,0,0,0,0,4,11,10,0,10,7,0,9,21,18,4,15,15,2,0,3,10,0,5,8,4,7,15,14,0,0,0,1,0,0,0,0,0,3,4,0,0,14,26,25,30,28,13,25,30,12,0,0,9,0,5,20,12,11,15,18,18,23,14,0,7,15,12,22,29,28,15,18,25,18,16,22,19,13,8,25,32,32,38,32,43,52,57,55,50,55,54,41,55,59,44,15,21,5,2,9,7,0,3,0,1,0,1,0,0,0,10,3,0,0,6,4,0,0,5
121,0,0,0,2,0,0,0,0,0,0,0,0,0,0,0,0,0,0,0,0,0,0,12,0,0,8,0,0,0,1,9,10,0,6,6,0,11,20,17,5,14,15,0,0,3,18,0,1,8,12,7,15,12,8,0,0,0,0,0,0,0,0,3,4,0,4,25,26,21,28,36,15,29,30,12,0,0,8,0,10,19,12,11,23,18,14,20,22,0,5,13,12,28,29,28,15,16,23,18,13,30,15,13,15,33,30,28,35,33,51,56,55,51,46,55,62,45,58,57,44,12,29,13,1,6,15,0,0,0,1,0,1,8,0,0,7,11,0,0,3,2,0,0
122,0,0,0,1,1,0,2,6,0,0,0,0,0,0,0,0,6,0,0,0,0,0,2,11,0,0,7,1,0,0,0,8,7,0,5,5,1,19,19,14,4,14,21,0,0,8,15,0,1,6,11,6,21,10,7,0,6,0,0,0,1,0,0,2,6,0,15,25,22,27,26,33,19,29,30,9,0,0,8,0,18,19,11,13,22,15,15,18,24,0,11,12,18,28,28,28,15,22,22,21,20,27,15,12,23,35,27,29,34,41,55,62,52,48,46,53,58,48,64,57,42,19,27,12,2,5,14,0,0,0,0,0,0,7,0,0,5,12,0,1,2,1,0
123,0,0,0,1,0,0,2,8,6,0,0,0,0,0,0,0,6,5,0,0,0,0,0,1,10,0,0,8,0,0,0,0,5,3,0,4,5,9,18,16,10,4,20,17,0,0,5,11,0,0,5,10,12,19,9,4,6,6,0,0,1,0,0,0,4,5,5,24,21,28,25,23,30,19,29,27,6,0,0,5,8,18,18,9,12,19,16,13,20,21,6,10,8,18,27,28,28,21,21,25,19,17,27,14,13,34,32,28,28,33,45,61,59,49,48,44,49,56,54,64,55,40,17,26,13,0,4,11,0,0,0,0,0,0,4,0,0,6,9,1,0,1,0
124,0,2,0,0,1,0,0,1,10,6,0,5,2,2,0,0,0,6,7,0,0,0,0,5,1,8,0,0,6,0,0,0,0,3,2,0,2,4,8,18,14,10,10,18,19,0,0,3,13,0,0,5,9,10,24,9,3,6,11,0,0,0,0,0,0,4,4,14,22,20,26,24,23,32,19,26,27,5,0,0,4,8,18,16,9,11,18,14,12,19,20,11,8,8,18,27,26,27,21,20,23,18,19,27,12,24,33,31,28,28,35,60,61,58,51,46,42,48,55,56,62,53,38,16,25,11,0,1,16,0,0,0,0,0,0,3,0,0,5,8,0,0,0
125,0,2,1,0,0,1,0,0,3,10,6,5,7,4,0,0,0,0,8,7,0,0,0,5,5,0,7,0,0,4,0,0,0,0,2,2,0,1,3,8,16,14,9,8,20,17,0,0,5,11,0,0,4,7,15,24,8,3,11,10,0,0,0,0,0,0,3,6,12,21,18,25,24,25,32,16,26,26,5,0,0,4,8,16,16,8,10,16,13,11,18,25,9,8,8,18,25,25,27,20,18,22,20,19,25,14,32,32,31,28,26,50,60,60,60,49,44,41,47,57,54,60,51,37,15,23,11,0,6,16,0,0,0,0,0,0,1,0,0,4,7,0,0
126,0,0,7,0,0,0,0,0,0,0,11,5,2,4,2,0,0,0,0,6,5,0,0,0,3,1,0,4,1,1,7,0,5,1,0,0,0,0,0,4,9,14,11,10,10,16,22,1,0,1,9,0,0,0,6,16,21,4,2,7,7,3,0,0,0,0,0,0,7,11,17,23,26,21,22,30,17,22,22,10,0,0,2,6,15,21,5,6,14,11,8,17,26,7,6,8,24,24,26,24,16,20,19,18,15,23,22,31,30,29,29,40,59,65,57,56,50,47,38,47,56,50,56,47,34,13,21,9,0,6,17,0,0,0,5,3,0,0,2,0,0,3,3
127,0,0,0,9,0,0,0,0,0,2,1,10,5,2,0,0,0,0,0,0,4,0,0,0,0,2,0,2,0,0,0,5,0,0,9,0,0,8,8,0,0,7,13,6,10,9,12,17,1,0,0,7,0,0,0,6,20,23,3,1,9,3,1,0,0,0,0,0,0,10,16,22,25,26,23,20,26,25,24,18,18,2,0,1,5,20,23,4,6,10,10,7,16,24,5,8,14,23,22,24,23,12,20,17,17,15,19,24,29,28,24,30,58,64,65,56,51,46,46,38,46,55,49,64,49,33,11,16,8,0,7,15,0,0,0,1,2,2,0,4,0,8,0
128,0,0,0,6,8,0,2,1,0,0,0,0,9,4,0,0,1,0,0,0,0,1,0,0,0,0,1,6,0,0,0,0,2,0,2,8,0,2,10,5,0,0,8,10,5,7,6,9,16,0,0,0,8,0,0,0,10,22,22,2,7,7,2,0,2,0,2,0,0,1,7,13,19,24,26,20,17,28,25,21,20,18,1,0,0,10,26,20,6,3,11,9,6,23,23,5,8,15,22,22,21,19,11,19,14,19,12,25,23,28,25,25,48,63,64,62,53,49,47,45,36,45,52,54,70,46,32,8,15,7,0,6,12,0,0,0,0,8,0,6,3,2,6
129,0,0,0,0,5,7,0,1,0,0,0,0,0,8,0,0,0,0,0,0,0,0,0,0,0,0,10,0,2,0,0,0,0,0,0,1,6,0,1,7,1,0,0,4,9,3,3,2,8,14,0,0,0,6,0,0,0,21,21,32,1,4,6,1,0,1,0,1,0,0,0,3,10,18,22,22,17,18,26,21,20,18,17,0,0,0,25,24,19,2,2,10,5,13,22,21,3,7,14,19,20,18,18,10,17,13,15,15,24,22,24,24,38,62,63,62,58,50,48,46,42,35,51,53,69,68,45,28,7,14,4,0,4,11,0,0,0,0,5,0,16,2,0
130,0,2,0,0,0,5,6,0,3,0,0,5,2,2,5,0,0,0,2,0,0,0,0,5,0,0,0,9,0,0,0,0,0,0,0,0,0,5,0,1,5,1,0,0,6,7,2,1,4,6,14,0,0,0,11,0,0,11,26,22,31,0,4,6,0,0,0,2,0,0,0,0,3,12,18,19,22,16,18,25,20,20,18,15,0,0,15,23,23,18,1,7,8,5,13,22,19,2,7,13,17,19,20,18,8,16,12,14,15,24,20,23,28,61,64,61,60,57,49,50,44,40,41,52,68,67,68,42,33,7,14,4,0,4,10,0,0,0,0,4,6,15,1
131,0,0,0,1,0,0,7,12,0,3,0,0,5,2,0,4,6,0,0,1,0,0,0,0,4,0,0,1,5,0,0,0,0,0,0,0,0,0,4,0,0,4,7,0,0,4,4,0,1,2,5,13,6,0,1,8,6,1,25,25,23,29,0,3,8,0,2,0,0,6,0,0,0,3,12,15,16,21,16,15,24,20,19,16,14,0,5,22,25,20,24,0,3,7,4,13,22,25,1,10,11,14,19,19,16,10,13,13,13,14,20,26,20,51,63,62,57,58,63,49,48,42,38,42,67,66,66,65,41,32,4,13,2,0,1,8,0,1,0,1,3,5,13
132,0,0,0,2,0,0,7,9,12,0,0,0,0,5,1,0,6,5,0,0,0,0,0,0,0,2,0,2,0,1,0,0,0,0,0,0,1,0,0,1,0,0,6,3,0,0,2,0,0,0,1,4,15,4,0,0,10,6,15,24,27,23,28,0,10,7,7,2,0,2,4,0,0,0,3,11,12,16,21,14,15,24,19,17,15,12,2,12,29,22,22,23,0,2,6,4,14,24,24,2,8,8,14,18,17,23,8,15,12,12,10,22,23,41,62,61,58,57,60,63,48,46,40,38,57,65,65,65,64,40,29,3,11,1,0,1,6,2,0,2,0,3,5
133,0,1,0,0,7,5,0,6,10,11,0,0,1,1,2,6,0,11,6,5,5,0,0,0,5,0,1,0,0,0,0,5,0,0,0,5,0,0,0,0,0,5,0,3,4,0,0,0,1,0,5,6,5,15,4,0,0,9,6,14,23,26,28,33,0,15,6,8,0,0,2,2,0,1,0,1,11,10,15,19,12,14,29,19,22,13,11,2,19,28,21,22,20,5,7,5,4,23,29,22,2,7,9,19,18,16,21,7,20,17,9,12,22,31,61,62,58,57,56,61,61,48,46,38,47,64,70,62,65,69,40,34,3,16,0,0,1,5,1,0,1,0,2
134,0,0,0,0,0,4,4,0,2,6,8,0,0,0,16,0,3,1,7,3,2,20,0,0,0,2,0,0,1,1,0,0,3,1,0,0,2,0,0,0,1,0,2,1,0,1,0,1,0,0,0,2,3,5,12,1,0,0,6,4,22,25,27,32,32,5,14,2,9,0,0,0,0,0,0,15,1,9,14,18,14,8,19,26,16,20,10,8,9,27,25,18,23,17,2,3,2,13,28,26,19,0,3,9,17,17,14,18,10,17,18,6,12,30,60,61,63,57,54,52,63,58,45,41,37,63,69,85,59,62,66,37,31,6,14,0,0,0,2,0,0,0,0
135,0,0,0,0,0,0,5,4,0,3,2,6,0,0,6,14,0,1,0,5,1,10,18,0,0,0,0,0,0,0,0,0,0,2,0,0,10,1,0,0,0,0,0,1,0,0,0,0,0,0,0,0,2,1,3,8,1,1,0,4,12,24,26,31,33,30,6,13,1,9,0,0,0,0,1,5,11,0,10,11,17,15,9,25,24,13,20,8,9,17,27,23,17,21,15,3,13,3,27,28,24,15,0,1,7,18,14,14,16,8,16,18,2,20,59,60,62,62,57,53,54,61,56,44,41,53,68,84,83,57,58,64,35,29,4,13,0,0,0,2,0,0,0
136,0,0,0,6,0,0,2,6,3,0,0,1,5,0,0,5,15,0,0,0,4,0,17,17,0,0,0,6,0,0,0,0,0,0,4,0,0,12,3,0,0,0,1,0,0,0,0,0,0,0,0,0,1,0,0,0,9,1,0,0,10,14,25,30,33,32,32,5,10,2,6,0,0,0,0,0,2,13,0,7,13,17,14,15,24,21,19,17,10,7,26,26,20,16,20,15,3,14,17,27,25,20,14,0,0,9,15,20,13,15,6,17,15,10,58,59,61,61,63,56,51,51,58,58,50,43,67,83,83,82,54,57,61,34,26,3,10,6,0,6,1,2,0
137,0,0,2,0,5,0,0,0,3,0,4,0,0,2,0,0,5,14,0,0,0,1,7,16,16,0,0,0,6,0,2,0,2,0,0,3,0,2,8,7,0,0,0,1,0,0,2,0,0,0,0,0,0,0,0,4,0,6,0,0,0,13,24,29,32,32,29,29,5,7,0,8,4,0,0,0,4,3,10,2,3,10,16,10,14,26,17,15,14,8,16,25,26,19,15,17,11,4,16,26,24,30,17,13,0,0,14,19,19,12,15,7,21,17,48,58,60,63,58,60,55,47,48,57,54,46,57,82,82,82,86,53,53,60,36,28,0,6,11,0,3,0,4
138,0,0,0,0,0,5,0,0,0,3,0,2,0,0,0,0,0,5,14,0,0,0,9,6,16,24,0,0,0,2,0,2,0,0,0,0,1,0,1,4,3,0,0,0,1,8,0,0,0,8,0,0,0,8,0,0,2,0,4,0,0,3,23,28,31,32,30,29,25,3,15,0,4,4,0,0,0,3,3,6,1,3,10,24,10,16,23,25,13,11,6,15,25,26,19,15,15,9,6,25,34,20,30,17,21,0,4,18,19,19,8,13,11,17,38,57,59,62,61,58,57,63,55,47,54,62,47,81,81,82,78,86,61,53,56,33,36,0,2,8,0,2,0
139,0,0,0,0,0,0,6,3,0,0,0,0,1,0,0,0,3,0,4,12,0,0,0,8,6,23,21,0,0,0,0,0,0,0,0,0,0,0,0,0,1,1,3,0,0,0,5,0,0,0,6,0,3,0,7,0,3,1,0,1,0,0,13,27,30,31,33,29,26,28,5,12,0,3,3,0,0,0,2,0,4,0,1,14,22,7,16,20,26,9,14,5,15,25,24,18,15,18,7,15,33,30,20,28,14,22,0,8,18,18,16,11,10,8,28,56,58,61,65,60,57,54,60,53,47,52,60,71,80,79,79,76,83,59,50,54,30,36,0,2,5,0,0
140,0,0,0,6,0,0,2,7,2,0,0,0,0,0,0,0,1,2,0,3,11,0,0,0,7,13,22,27,0,0,0,0,0,0,2,0,0,2,2,0,0,0,2,0,0,0,0,2,0,0,0,5,1,0,0,4,1,3,0,0,7,0,3,26,29,29,33,32,26,27,25,2,9,0,3,0,0,2,0,0,2,4,0,4,21,19,13,13,22,23,10,13,5,24,24,24,18,16,17,7,23,29,29,19,25,16,19,6,8,17,15,17,8,7,18,55,57,60,64,64,58,54,51,62,59,44,51,61,79,79,76,78,73,82,56,48,51,36,32,6,1,7,0
141,0,0,1,0,3,0,0,0,4,0,0,0,0,0,1,0,0,0,0,0,1,12,0,0,0,3,12,26,35,8,0,0,1,8,0,0,0,0,0,1,8,0,0,10,0,0,1,8,0,0,0,0,1,0,0,0,0,0,1,0,0,7,0,16,28,28,32,31,40,22,23,26,1,6,0,4,0,0,0,1,0,0,1,0,11,22,16,9,12,22,19,8,21,14,23,23,23,14,13,14,13,28,28,26,15,21,17,16,3,7,25,11,16,9,8,54,63,57,56,61,68,54,50,52,59,55,41,52,69,78,78,73,74,72,83,56,44,48,36,29,2,0,7
142,0,1,0,0,5,8,0,0,1,3,0,0,1,1,0,6,0,5,1,5,5,2,12,0,5,0,2,16,34,32,7,5,0,0,6,5,0,0,0,0,0,13,0,0,11,0,0,0,9,0,5,5,0,1,0,0,0,0,0,0,0,0,12,6,27,33,27,33,30,39,22,21,26,2,5,0,4,0,0,0,0,0,5,1,5,12,21,16,8,12,21,19,11,26,19,22,21,22,19,11,14,18,29,33,26,14,19,16,21,8,15,24,11,14,10,44,62,62,56,57,59,68,54,48,51,59,60,42,68,77,78,83,73,79,73,82,56,43,47,35,28,0,0
143,0,0,0,1,0,4,10,6,0,1,0,0,0,1,0,0,12,0,5,0,4,2,2,11,0,3,0,6,33,31,30,6,2,0,0,5,5,0,0,0,0,3,19,0,1,9,0,0,0,7,0,4,11,0,0,0,6,0,0,0,1,0,2,11,17,32,35,27,29,36,37,19,18,26,2,2,0,3,0,0,0,0,0,3,0,2,13,19,18,5,18,20,15,16,25,19,22,27,21,22,9,11,19,32,31,28,11,20,15,20,5,23,21,8,14,34,61,61,68,56,55,58,66,53,49,49,58,57,58,76,77,82,81,72,76,72,80,57,40,48,34,27,0
144,0,0,0,6,0,0,6,11,5,0,0,0,0,0,0,0,2,11,0,4,0,1,0,1,10,0,2,6,23,30,29,29,3,0,2,0,5,7,2,0,0,0,9,16,0,0,6,0,0,0,6,0,5,8,0,0,1,6,0,0,6,0,0,1,13,22,34,34,24,30,33,34,16,17,26,0,0,2,3,0,2,0,0,0,2,0,8,10,21,15,8,19,17,14,15,25,19,23,26,21,19,5,10,22,30,33,25,17,19,14,17,13,20,18,7,24,60,60,67,67,54,52,56,68,59,46,48,55,56,66,76,81,80,80,69,74,70,86,53,46,47,36,25
145,0,0,2,0,5,0,0,3,8,2,4,0,0,0,0,0,0,1,8,0,3,0,0,0,0,6,0,0,13,29,32,28,31,3,0,1,0,1,3,6,0,0,0,15,13,0,2,6,0,0,0,5,0,1,7,4,0,0,5,0,0,8,0,0,3,21,33,33,34,21,26,35,38,13,16,23,4,0,0,5,0,0,0,0,0,4,0,9,20,19,12,9,19,16,13,15,21,16,22,22,17,24,2,12,29,32,35,21,16,18,14,14,17,22,15,14,59,62,57,64,66,50,48,58,64,55,45,45,54,56,75,80,79,79,82,71,70,76,91,49,43,43,38
146,0,1,0,2,0,4,0,0,4,15,0,4,1,1,0,0,0,0,2,7,0,0,0,0,0,0,4,0,3,28,31,31,24,27,5,0,2,2,3,0,2,0,0,5,16,13,0,0,7,0,0,0,5,0,1,4,4,7,0,3,0,0,7,0,0,11,32,34,29,34,21,25,37,39,20,13,20,6,7,0,7,7,0,0,0,0,4,0,10,18,19,12,9,18,15,20,16,21,15,21,22,14,25,2,28,31,34,35,20,15,14,14,11,13,23,15,49,61,62,58,62,66,50,50,58,64,54,41,45,53,65,79,80,78,75,80,71,70,81,91,47,45,41
147,0,0,0,1,1,0,6,6,0,5,12,0,4,1,0,0,6,0,0,1,6,0,0,0,0,0,0,5,0,18,30,30,28,20,26,4,0,1,1,0,0,1,6,0,6,14,10,0,0,5,0,0,6,3,0,0,10,4,6,0,4,0,0,6,2,1,31,33,30,35,32,18,27,38,39,17,10,19,6,4,0,7,6,0,0,0,1,2,2,8,24,18,8,8,17,15,20,22,20,18,19,19,15,24,18,30,28,35,34,19,11,20,11,8,13,21,39,60,67,62,56,60,64,49,51,56,63,51,40,44,55,78,79,79,75,73,78,72,71,90,90,46,43
